word,article,english,example
ab,,from; starting at,Die Fahrt kostet ab Hamburg 200 Euro.
abbiegen,,to turn,An der nächsten Kreuzung müssen Sie links abbiegen.
Abbildung,die,illustration,"Auf der Abbildung sehen Sie, wie man das Gerät einschaltet."
Abenteuer,das,adventure,Unser Urlaub war ein tolles Abenteuer.
abfahren,,to depart,Unser Zug ist pünktlich abgefahren.
Abfahrt,die,departure,Es bleiben uns noch zwanzig Minuten bis zur Abfahrt.
Abfall,der,waste,Werfen Sie den Bioabfall bitte nicht zum normalen Müll.
Abfalleimer,der,trash can,Wirf das bitte in den Abfalleimer! Abgase aus Industrie und Haushalten verschmutzen die Luft.
abgeben,,to hand in; to drop off,Ich soll dieses Päckchen bei Herrn Müller abgeben.
abhängen,,to depend,Dieses Verb heißt 'abhängen'.
abhängig,,dependent,Gregor ist finanziell von seinen Eltern abhängig.
abheben,,to withdraw; to lift off,Für die Reise habe ich 500 Euro von meinem Konto abgehoben.
abholen,,to pick up,Meine Freundin hat mich vom Bahnhof abgeholt.
abschreiben,,to copy,Er hat die Hausaufgaben von mir abgeschrieben.
Abitur,das,school-leaving exam,Meine Tochter hat gerade Abitur gemacht.
ablehnen,,to reject,"Er hat mein Angebot, ihm zu helfen, abgelehnt."
abmachen,,to agree; to arrange,"Wir hatten doch abgemacht, dass du die Getränke besorgst."
abnehmen,,to lose weight; to remove,Morgen können wir den Verband abnehmen.
abonnieren,,to subscribe,Diese Zeitschrift würde ich gerne abonnieren.
Abonnement,das,subscription,Ich habe das Abonnement gekündigt.
absagen,,to cancel,Ich übe das Verb 'absagen'.
Abschluss,der,degree; conclusion,Ein guter Schulabschluss ist sehr wichtig.
Abschnitt,der,section,Lesen Sie bitte den zweiten Abschnitt.
Absender,der,sender,Schicken Sie das Paket an den Absender zurück.
Absicht,die,intention,Entschuldigen Sie bitte. Meine Tochter hat das nicht mit Absicht gemacht.
absolut,,absolute; absolutely,"Was Sie da sagen, ist absolut falsch."
abstimmen,,to vote,Lasst uns über diesen Punkt abstimmen.
Abteilung,die,department,Meine Freundin arbeitet in der Abteilung von Frau Kaufmann.
Abwart,der,add English meaning,Der Abwart ist ein nützliches Wort.
abwärts,,downward,Von dort führt der Weg abwärts ins Tal.
abwaschen,,to wash up,Ich muss noch das Geschirr abwaschen.
abwesend,,absent,Herr Huber ist bis zum April abwesend.
achten,,to pay attention,"Achten Sie bitte darauf, dass Sie abschließen, wenn Sie gehen."
Achtung!,,add English meaning,"Achtung, hier endet die Straße!"
Adresse,die,address,Hast du schon meine neue Adresse?
ähnlich,,similar,Emilia ist in einer ganz ähnlichen Situation wie ich.
Ahnung,die,add English meaning,"Ich hatte keine Ahnung, dass du heute Geburtstag hast."
Aktion,die,add English meaning,Die Stadt sollte eine Aktion für Familien planen.
aktiv,,add English meaning,Ich bin sehr aktiv und mache viel Sport.
Aktivität,die,add English meaning,In den Ferien bietet die Stadt für Kinder verschiedene Freizeitaktivitäten.
aktuell,,add English meaning,Umweltschutz ist ein aktuelles Thema.
akzeptieren,,add English meaning,Ich kann diese Bedingungen nicht akzeptieren.
Alarm,der,add English meaning,Bei Feueralarm dürfen Sie die Aufzüge nicht benutzen.
Alkohol,der,add English meaning,Du musst die Wunde mit Alkohol reinigen.
allallein,,add English meaning,Sind alle Kinder da?
allerallerdings,,add English meaning,"Am allerbesten ist es, wenn du dich ins Bett legst und lange schläfst. Dann wirst du schnell wieder gesund."
allgemein,,add English meaning,Wir haben nur über allgemeine Probleme gesprochen.
Alltag,der,add English meaning,"Das ist mein Alltag: putzen, waschen, kochen."
alltäglich,,add English meaning,'alltäglich' kommt in vielen Texten vor.
Alphabet,das,add English meaning,Wie viele Buchstaben hat das Alphabet in Ihrer Sprache?
als,,add English meaning,"Als mein Mann kam, war die Party schon zu Ende."
als ob,,add English meaning,Ich kann 'als ob' in einem Satz benutzen.
also,,add English meaning,'also' kommt in vielen Texten vor.
alt,,add English meaning,Dieses Wort heißt 'alt'.
Alter,das,add English meaning,Wir sind etwa im gleichen Alter.
alternativ,,add English meaning,Wir brauchen alternative Energien.
Alternative,die,add English meaning,-n Auf dieser Strecke ist der Zug eine gute Alternative zum Flugzeug. Dort an der Ampel kannst du über die Straße gehen.
Ampel,die,add English meaning,Die Ampel kommt in der Prüfung vor.
Amt,das,add English meaning,Das Arbeitsamt befindet sich neben dem Busbahnhof.
sich amüsieren,,add English meaning,Bei dem Fest haben wir uns sehr gut amüsiert.
an,,add English meaning,Am Anfang war alles sehr schwierig.
analysieren,,add English meaning,Die Politiker analysieren die Situation auf dem Arbeitsmarkt.
anbieten,,add English meaning,Ich wiederhole heute 'anbieten'.
Anbieter,der,add English meaning,Ich habe in der Zeitung ein paar günstige Wohnungsangebote gelesen.
anderandererseits,,add English meaning,Die anderen sind schon nach Hause gegangen.
ändern,,to change,Das Wetter hat sich geändert.
Änderung,die,change,Es gibt eine Programmänderung.
anders,,add English meaning,Anders geht das leider nicht.
anerkennen,,add English meaning,Meine Ausbildung wird hier nicht anerkannt.
anfangen,,to begin,Wann fängst du mit der Arbeit an?
Anfang,der,beginning,Der Anfang ist heute wichtig.
anfangs,,add English meaning,Anfangs ging alles gut.
angeben,,add English meaning,Bitte geben Sie Ihre genaue Adresse an.
Angabe,die,add English meaning,"Wir brauchen von Ihnen folgende Angaben: Name, Adresse, Geburtsdatum."
Angehörige,der,add English meaning,Der Angehörige passt gut zu diesem Thema.
Angehörige,die,add English meaning,Die Angehörige ist heute wichtig.
angenehm,,add English meaning,Wir wünschen Ihnen eine angenehme Reise.
Angst,die,fear,Du brauchst keine Angst zu haben. Der Hund tut dir nichts.
ängstlich,,add English meaning,'ängstlich' kommt in vielen Texten vor.
anhaben,,add English meaning,Gestern hatte Julia ein rotes Kleid an.
anklicken,,add English meaning,Du musst das Bild anklicken. Dann wird es größer.
ankommen,,to arrive,Wann kommt der Zug in Hamburg an?
Ankunft,die,arrival,"Die Abfahrt ist um 55 Uhr, die Ankunft um 07 Uhr."
ankündigen,,add English meaning,Wir sollten unseren Besuch ankündigen.
Anlage,die,add English meaning,Meine Musikanlage ist kaputt.
Anleitung,die,add English meaning,"In der Anleitung steht, dass bei diesem Spiel der Älteste beginnt."
anmelden,,to register,Für diesen Kurs müssen Sie sich unbedingt vorher anmelden.
Anmeldung,die,registration,Wo bekomme ich die Formulare für die Anmeldung?
annehmen,,add English meaning,Ich nehme Ihre Einladung gern an.
Annonce,die,add English meaning,"Ich habe alle Annoncen gelesen, aber die Wohnungen sind zu teuer."
Anrede,die,add English meaning,Du darfst im Brief die Anrede nicht vergessen.
anrufen,,to call,Ich rufe Sie heute Abend an.
Anruf,der,phone call,-e Ich warte auf einen Anruf aus Berlin. Ich habe dir eine Nachricht auf den Anrufbeantworter gesprochen. Achten Sie auf die Ansage am Bahnsteig.
Anrufbeantworter,der,add English meaning,Der Anrufbeantworter ist ein nützliches Wort.
anschaffen,,add English meaning,Wir haben uns neue Möbel angeschafft.
anschließen,,add English meaning,Wo kann ich den Computer anschließen?
Anschluss,der,add English meaning,In Mannheim haben Sie Anschluss nach Saarbrücken.
anschnallen,,add English meaning,"Vergiss nicht, dich anzuschnallen."
ansehen,,add English meaning,Warum siehst du mich so erschrocken an?
ansprechen,,add English meaning,Gestern hat mich unsere neue Nachbarin im Treppenhaus angesprochen.
Anspruch,der,add English meaning,Sie wohnen im Stadtzentrum. Deshalb haben Sie keinen Anspruch auf Fahrgeld.
anstellen,,add English meaning,Können Sie bitte die Heizung anstellen?
Angestellte,der,add English meaning,Der Angestellte kommt in der Prüfung vor.
Angestellte,die,add English meaning,Die Angestellte ist ein nützliches Wort.
sich anstrengen,,add English meaning,Diese Arbeit strengt mich sehr an.
sich an,,add English meaning,"Wenn du die Prüfung schaffen willst, musst du dich mehr anstrengen."
anstrengend,,add English meaning,Ich finde diese Arbeit sehr anstrengend.
Antrag,der,add English meaning,Haben Sie schon einen Antrag für das Wohngeld ausgefüllt?
anwenden,,add English meaning,Diese Salbe muss man dreimal am Tag anwenden.
anwesend,,add English meaning,Bei dem Treffen waren alle Mitglieder anwesend.
antworten,,add English meaning,Jorge hat seit drei Wochen nicht auf meinen Brief geantwortet.
Antwort,die,add English meaning,Leider habe ich keine Antwort bekommen.
Anwalt,der,add English meaning,Der Anwalt kommt in der Prüfung vor.
Anwältin,die,add English meaning,möchte zuerst mit meinem Anwalt sprechen.
anzeigen,,add English meaning,"Wenn Sie hier parken, zeige ich Sie an."
Anzeige,die,add English meaning,"Ich habe alle Anzeigen gelesen, aber die Wohnungen sind zu teuer."
Anzug,der,add English meaning,Mein Mann hat sich einen neuen Anzug gekauft.
Apartment,das,add English meaning,Wir haben ein Ferienapartment gemietet.
Apfel,der,add English meaning,Zum Frühstück esse ich jeden Tag einen Apfel. Ist hier in der Nähe eine Apotheke?
Apparat,der,add English meaning,Können Sie den Apparat bitte etwas leiser stellen?
Appetit,der,add English meaning,Ich habe heute keinen Appetit. Ich mag nichts essen.
arbeiten,,to work,Er arbeitet heute bis 16 Uhr.
Arbeit,die,work,Wie gefällt dir deine Arbeit?
Arbeiter,der,add English meaning,Maria ist seit zwei Jahren Arbeiterin bei Siemens.
Arbeitserlaubnis,die,add English meaning,Haben Sie eine Arbeitserlaubnis?
arbeitslos,,add English meaning,Wie lange sind Sie schon arbeitslos?
Arbeitslosigkeit,die,add English meaning,Die Arbeitslosigkeit ist gesunken.
Arbeitsplatz,der,add English meaning,In der Industrie gibt es immer weniger Arbeitsplätze.
Arbeitsstelle,die,add English meaning,Die Arbeitsstelle ist ein nützliches Wort.
Architekt,der,add English meaning,Der Architekt passt gut zu diesem Thema.
Architektin,die,add English meaning,Ärgern Sie sich nicht.
Ärger,der,add English meaning,Ich hatte heute Ärger im Büro. Ich habe mich mit einem Kollegen gestritten.
ärgerlich,,add English meaning,Der Zug hat schon wieder Verspätung. Das ist wirklich ärgerlich.
arm,,add English meaning,Die Regierung hilft armen Nachbarländern.
Arm,der,add English meaning,Mein Freund hat sich den Arm gebrochen.
Art,die,add English meaning,Im Zoo haben sie 34 verschiedene Arten von Vögeln.
Artikel,der,add English meaning,Ich habe einen interessanten Artikel gelesen.
Ärztin,die,doctor,Wann warst du beim Zahnarzt?
Asyl,das,add English meaning,Die Menschen sind auf der Flucht und bitten um Asyl.
atmen,,add English meaning,Er hat eine Erkältung und kann nicht durch die Nase atmen.
Atem,der,add English meaning,Bitte den Atem anhalten.
auch,,also; too,Ich muss leider gehen. – Ich auch.
auf,,on; at; open,aufgegeben. Man darf nie aufgeben. Es gibt immer eine Hoffnung.
Aufenthalt,der,add English meaning,Der Zug hat in München nur 20 Minuten Aufenthalt.
auffallen,,add English meaning,"Mir ist aufgefallen, dass Harriett ganz n blass ist."
auffordern,,add English meaning,"Sie forderte mich auf, meine Meinung zu sagen."
Aufforderung,die,add English meaning,"-en Sie erhalten eine Aufforderung, den Betrag bis Juni zu zahlen. Die Kinder führen zu Weihnachten ein rt Theaterstück auf."
aufführen,,add English meaning,Ich wiederhole heute 'aufführen'.
Aufgabe,die,task,Hast du deine Hausaufgaben für die Schule schon gemacht?
aufgeben,,add English meaning,Dieses Verb heißt 'aufgeben'.
aufhalten,,add English meaning,Ich übe das Verb 'aufhalten'.
aufheben,,add English meaning,"Lassen Sie die Papiere nur auf dem Boden liegen, ich hebe sie schon auf."
aufhören,,to stop,Es hört nicht auf zu schneien.
aufladen,,add English meaning,"auf, Ich muss mein Telefon aufladen. Die Batterie ist leer."
auflösen,,add English meaning,Die Tablette bitte in Wasser auflösen.
aufmerksam,,add English meaning,Die Schülerin hörte aufmerksam zu.
aufnehmen,,add English meaning,Wir haben Aneta in unseren Verein aufgenommen.
Aufnahme,die,add English meaning,Die Aufnahme kommt in der Prüfung vor.
aufpassen,,to pay attention,Tut mir leid. Da habe ich wohl nicht aufgepasst.
aufräumen,,to tidy up,Vor meinem Urlaub muss ich unbedingt noch meinen Schreibtisch aufräumen.
aufregen,,add English meaning,"Es regt mich auf, dass ich schon wieder Überstunden machen muss."
aufstehen,,add English meaning,Ich stehe jeden Morgen um sechs Uhr auf.
Auftrag,der,add English meaning,Ich komme im Auftrag von Frau Müller und soll Ihnen diesen Brief geben.
auftreten,,add English meaning,Nächste Woche tritt in der Stadthalle eine berühmte Musikgruppe auf.
Auftritt,der,add English meaning,Nach dem Auftritt feiern die Musiker.
aufwachen,,add English meaning,Von dem Lärm bin ich aufgewacht.
aufwärts,,add English meaning,Sie müssen gute Schuhe anziehen. Der Weg geht immer aufwärts.
Auge,das,add English meaning,Meine beiden Kinder haben blaue Augen.
Augenblick,der,add English meaning,Ich wollte gerade parken. In dem Augenblick ist ein Wagen aus der Ausfahrt gekommen.
aus,,from; out of,Frau Müller geht jeden Morgen um 8 Uhr aus dem Haus.
Ausbildung,die,training,Ich habe meine Ausbildung abgeschlossen.
ausgebildet,,add English meaning,Ich kann 'ausgebildet' in einem Satz benutzen.
ausdrucken,,add English meaning,Kann ich das auf deinem Drucker ausdrucken?
Ausdruck,der,add English meaning,Der Ausdruck ist ein nützliches Wort.
auseinander,,add English meaning,Ich wiederhole heute 'auseinander'.
Ausfahrt,die,add English meaning,"Hier ist eine Ausfahrt, da dürfen Sie nicht parken."
ausfallen,,add English meaning,Nächste Woche fällt der Kurs aus.
Ausflug,der,excursion,Am Wochenende machen wir mit Freunden einen Ausflug nach Heidelberg.
ausfüllen,,to fill out,Füllen Sie bitte dieses Formular aus!
Ausgabe,die,edition; expense,Wie hoch sind Ihre Ausgaben in einem Monat?
Ausgang,der,add English meaning,Wo ist der Ausgang bitte?
ausgeben,,to spend,Carola gibt viel Geld für ihr Hobby aus.
ausgehen,,to go out,Plötzlich ist das Licht ausgegangen.
ausgezeichnet,,add English meaning,Essen und Unterkunft waren ausgezeichnet.
Aushilfe,die,add English meaning,Wir suchen eine freundliche Aushilfe für unser Geschäft.
Auskunft,die,information,Ich hätte gern eine Auskunft.
Ausland,das,add English meaning,Das Ausland steht auf meiner Liste.
Ausländer,der,add English meaning,Viele Ausländer und Ausländerinnen lernen in der Volkshochschule Deutsch.
ausländisch,,add English meaning,Die ausländischen Studenten müssen zuerst einen Deutschkurs besuchen.
ausmachen,,to turn off; to arrange,Sie müssen leider warten. – Kein Problem. Das macht mir nichts aus.
Ausnahme,die,add English meaning,Normalerweise muss ich am Wochenende arbeiten. Aber heute ist eine Ausnahme.
ausreichen,,to be enough,Das Geld muss bis März ausreichen.
ausreichend,,add English meaning,Das Geld ist für die Reise ausreichend.
ausrichten,,add English meaning,Sie ruhen sich von der Arbeit aus.
ausschließen,,add English meaning,Das kann man nicht ganz ausschließen.
ausschließlich,,add English meaning,Tut mir leid. Wir haben ausschließlich Nichtraucherzimmer.
aussehen,,to look,Sie sehen wieder besser aus. Sind Sie wieder gesund?
außen,,add English meaning,Wir haben das Schloss nur von außen gesehen.
außerhalb,,add English meaning,Wir wohnen außerhalb von Berlin.
äußerlich,,add English meaning,Das Medikament dürfen Sie nur äußerlich anwenden.
außer,,add English meaning,Außer Lisa hat sich niemand um die Stelle beworben.
außerdem,,besides; additionally,Möchten Sie außerdem noch etwas?
Aussicht,die,add English meaning,Von diesem Turm hat man eine tolle Aussicht.
aussprechen,,add English meaning,Wie spricht man dieses Wort aus?
Aussprache,die,add English meaning,Die Aussprache passt gut zu diesem Thema.
ausstellen,,add English meaning,Im Schaufenster sind Winterschuhe ausgestellt.
Ausstellung,die,add English meaning,Wir waren mit der Lehrerin in einer Ausstellung.
auswählen,,to choose,Für die Aufgabe können Sie aus drei Themen auswählen.
Auswahl,die,selection,Wir müssen eine Auswahl aus den Büchern treffen.
Ausweis,der,ID card,Der Ausweis passt gut zu diesem Thema.
ausziehen,,add English meaning,Willst du den Mantel nicht ausziehen?
Auto,das,car,Mario fährt mit dem Auto zur Arbeit.
Autobahn,die,add English meaning,n Das Dorf liegt direkt an der Autobahn.
Automat,der,add English meaning,Zigaretten bekommst du am Automaten.
automatisch,,add English meaning,Dieses Wort heißt 'automatisch'.
Autor,der,add English meaning,Der Autor ist heute wichtig.
Autorin,die,add English meaning,zwei Bücher geschrieben.
backen,,add English meaning,"Wenn du kommst, backe ich einen Kuchen."
Bäckerei,die,add English meaning,Wir kaufen unser Brot immer in der Bäckerei am Markt.
baden,,add English meaning,Dieses Verb heißt 'baden'.
gebadet,,add English meaning,Badezimmer ist dort hinten links. Hier ist Baden verboten!
Bad,das,add English meaning,Nach einem warmen Bad fühlt man sich gleich viel besser. Ich möchte ein Zimmer mit Bad.
Badewanne,die,add English meaning,Nach einem langen Arbeitstag setzte sie sich in die Badewanne.
Bahn,die,add English meaning,Ich komme mit der Bahn. Die S-Bahn ist schneller als die Straßenbahn.
Straßenbahn,die,add English meaning,Nehmen Sie die Straßenbahn Nr.
U-Bahn,die,add English meaning,Die letzte U-Bahn geht um 15 Uhr.
Bahnhof,der,add English meaning,Ich bringe Sie zum Bahnhof.
Bahnsteig,der,add English meaning,Auf Hauptbahnhöfen gibt es meist viele Bahnsteige.
bald,,add English meaning,Besuchen Sie uns doch bald mal.
Balkon,der,add English meaning,Die Wohnung hat auch einen kleinen Balkon.
Ball,der,add English meaning,Ich spiele gern mit meinen Kindern Ball.
Ballett,das,add English meaning,Meine Tochter möchte gern Ballett tanzen.
Banane,die,add English meaning,"1 Kilo Bananen, bitte."
Bank,die,add English meaning,"Kommt, wir setzen uns auf die Bank da vorne."
Bancomat/Bankomat,der,add English meaning,Ich hole noch schnell Geld vom Bankomaten.
Bankleitzahl,die,add English meaning,Bitte geben Sie Ihre Bankleitzahl an.
Bankomat-Karte,die,add English meaning,Sie können auch mit Bankomat-Karte te zahlen.
Bar,die,add English meaning,Setzen wir uns doch an die Bar!
bar,,add English meaning,'bar' kommt in vielen Texten vor.
Bargeld,das,add English meaning,Ich habe kein Bargeld mehr.
Bart,der,add English meaning,John trägt jetzt einen Bart.
Basketball,der,add English meaning,Sie spielt sehr gern Basketball.
basteln,,add English meaning,Die Kinder basteln ein Vogelhaus.
Batterie,die,add English meaning,Bringst du bitte Batterien für die Kamera mit?
Bauch,der,add English meaning,Mir tut der Bauch weh.
bauen,,add English meaning,Mein Nachbar hat ein Haus gebaut.
Bau,der,add English meaning,Ich wohne in einer Neubauwohnung.
Baustelle,die,add English meaning,Wir müssen die Baustelle umfahren.
Bauer,der,add English meaning,Wir kaufen unser Gemüse beim Bauern.
Baum,der,add English meaning,Wir haben zwei Bäume im Garten.
beachten,,add English meaning,Bitte beachten Sie die Ansagen am Bahnsteig.
Beamte,der,add English meaning,Meine Frau ist Beamtin bei der Polizei.
Beamtin,die,add English meaning,Die Beamtin kommt in der Prüfung vor.
beantragen,,add English meaning,Hast du schon einen neuen Pass beantragt?
beantworten,,add English meaning,Sie haben meine Frage leider nicht beantwortet.
sich bedanken,,add English meaning,Ich möchte mich noch einmal sehr herzlich für Ihre Hilfe bedanken.
Bedarf,der,add English meaning,An diesem Produkt besteht großer Bedarf.
bedeuten,,add English meaning,Was bedeutet dieses Wort?
Bedeutung,die,add English meaning,Die Bedeutung ist ein nützliches Wort.
bedienen,,add English meaning,Werden Sie schon bedient?
Bedienungsanleitung,die,add English meaning,Die Bedienungsanleitung verstehe ich nicht.
Bedingung,die,add English meaning,"Wenn Sie unsere Bedingungen akzeptieren, können wir einen Vertrag machen."
sich beeilen,,add English meaning,Wir müssen uns beeilen. Sonst verpassen wir den Zug.
beenden,,add English meaning,Du musst deine Ausbildung auf jeden Fall beenden.
sich befinden,,add English meaning,Das Bord-Bistro befindet sich in der Mitte des Zuges.
befreit,,add English meaning,Studenten und Studentinnen sind von den Rundfunk-Gebühren befreit.
befriedigend,,add English meaning,Das Ergebnis ist befriedigend.
begegnen,,add English meaning,Sind wir uns nicht schon mal irgendwann begegnet?
begeistert,,add English meaning,Es war ein tolles Konzert. Ich bin begeistert.
beginnen,,add English meaning,In zwei Wochen beginnen die Sommerferien.
Beginn,der,add English meaning,Zu Beginn der Stunde begrüßt die Lehrerin ihre Schüler.
begleiten,,add English meaning,Ich begleite dich ein Stück.
begrenzt,,add English meaning,Die Teilnehmerzahl ist auf 12 begrenzt.
begründen,,add English meaning,Bitte begründen Sie Ihre Meinung.
Begründung,die,add English meaning,Die Miete wurde ohne Begründung erhöht.
begrüßen,,add English meaning,Der Gastgeber begrüßt seine Gäste.
behalten,,add English meaning,Darf ich die Zeitschrift behalten?
behandeln,,add English meaning,Welcher Arzt hat Sie bis jetzt behandelt?
behaupten,,add English meaning,"Er behauptet, unsere Meinung sei nicht wichtig."
behindern,,add English meaning,"Bitte parken Sie so, dass Sie niemanden behindern."
behindert,,add English meaning,Seit dem Unfall ist das Kind unserer Freunde behindert.
Behörde,die,add English meaning,Sie erhalten ein Schreiben von der zuständigen Behörde.
bei,,add English meaning,Potsdam liegt bei Berlin.
beiddas Bein,,add English meaning,Beide waren mit meinem Vorschlag einverstanden.
beinahe,,add English meaning,Ich habe heute beinahe den Bus verpasst.
Beispiel,das,add English meaning,Können Sie mir ein Beispiel sagen?
beißen,,add English meaning,"Pass auf, dass dich der Hund nicht beißt!"
Beitrag,der,add English meaning,Die Krankenkasse hat die Beiträge erhöht.
bekannt,,add English meaning,Ein Onkel von mir ist ein bekannter Politiker.
Bekannte,der,add English meaning,Der Bekannte passt gut zu diesem Thema.
Bekannte,die,add English meaning,Die Bekannte ist heute wichtig.
bekannt geben,,add English meaning,Das Verb 'bekannt geben' ist wichtig.
bekannt gegeben,,add English meaning,'bekannt gegeben' kommt in vielen Texten vor.
bekommen,,add English meaning,Haben Sie meinen Brief bekommen?
Beleg,der,add English meaning,Brauchen Sie einen Beleg?
beleidigen,,add English meaning,Ich wollte Sie nicht beleidigen.
beliebt,,add English meaning,Dieses Spiel ist bei Jugendlichen sehr beliebt.
bemerken,,add English meaning,"Ich habe nicht bemerkt, dass das Fenster offen ist."
sich bemühen,,add English meaning,"Er hat sich sehr bemüht, etwas Gutes zu kochen."
benötigen,,add English meaning,"Sagen Sie Bescheid, wenn Sie noch etwas benötigen."
benutzen,,add English meaning,Benutzen Sie bitte die öffentlichen Verkehrsmittel.
Benzin,das,add English meaning,Das Benzin soll wieder teurer werden.
beobachten,,add English meaning,Wer hat den Unfall beobachtet?
bequem,,add English meaning,Meine Kinder ziehen am liebsten bequeme Sachen an.
beraten,,add English meaning,"Unser Personal berät Sie gern, wenn Sie Fragen haben."
Beratung,die,add English meaning,Beratungen für Familien gibt es jeden Dienstag zwischen 14 und 16 Uhr.
berechnen,,add English meaning,Die Kosten für die Fahrt müssen erst berechnet werden.
Bereich,der,add English meaning,In welchem Bereich möchten Sie arbeiten?
bereit,,add English meaning,"Ich bin jederzeit bereit, dir zu helfen."
bereits,,add English meaning,Bitte melde dich bei Frau Kaiser. Sie hat bereits dreimal angerufen.
Berg,der,add English meaning,Die Zugspitze ist der höchste Berg in Deutschland.
berichten,,add English meaning,Alle Zeitungen haben über den Unfall berichtet.
Bericht,der,add English meaning,Ich habe gestern einen interessanten Bericht gelesen.
Beruf,der,add English meaning,Was sind Sie von Beruf?
beruflich,,add English meaning,Was machen Sie beruflich?
berufstätig,,add English meaning,Sind Sie berufstätig?
beruhigen,,add English meaning,Beruhigen Sie sich bitte. Es ist alles in Ordnung.
berühmt,,add English meaning,Michael Schumacher ist ein berühmter Rennfahrer.
beschädigen,,add English meaning,"Bitte machen Sie eine Liste davon, was die Einbrecher beschädigt haben."
beschäftigen,,add English meaning,Womit haben Sie sich bei Ihrer Arbeit beschäftigt?
Beschäftigung,die,add English meaning,"Ich suche eine Halbtagsbeschäftigung, weil ich ein kleines Kind habe."
Bescheid,der,add English meaning,Den endgültigen Bescheid erhalten Sie in etwa vier Wochen. Ich erkundige mich nach den Terminen und sage Ihnen dann Bescheid. Kannst du mir bis morgen Bescheid geben?
beschließen,,add English meaning,"Wir haben beschlossen, uns ein kleineres Auto zu kaufen."
beschränken,,add English meaning,Die Teilnehmerzahl für den Kurs ist beschränkt.
beschreiben,,add English meaning,Kannst du mir den Weg zum Flughafen beschreiben?
Beschreibung,die,add English meaning,Eine Beschreibung des Geräts liegt bei.
sich beschweren,,add English meaning,Ich übe das reflexive Verb 'beschweren'.
besetzen,,add English meaning,Dieser Platz ist besetzt.
besichtigen,,add English meaning,Im Urlaub haben wir Schloss Schönbrunn besichtigt.
besitzen,,add English meaning,Besitzt Ihre Frau ein eigenes Auto?
besonderbesonders,,add English meaning,Ich habe heute ein besonders günstiges Angebot gesehen.
besorgen,,add English meaning,Soll ich die Eintrittskarten besorgen?
besprechen,,add English meaning,"Wir müssen noch genau besprechen, wann wir losfahren und was wir mitnehmen."
Besprechung,die,add English meaning,"Tut mir leid, Herr Schmidt ist noch in einer Besprechung."
Besserung,die,add English meaning,Die Besserung passt gut zu diesem Thema.
bestätigen,,add English meaning,Die Firma hat mir den Termin schriftlich bestätigt.
Bestätigung,die,add English meaning,Ich brauche eine schriftliche Bestätigung für das Amt.
bestehen,,add English meaning,Das Modul Lesen besteht aus fünf Teilen.
bestellen,,add English meaning,Wir haben Pizza bestellt.
bestimmt,,add English meaning,Das hat Nancy bestimmt nicht so gemeint.
bestrafen,,add English meaning,Zu schnelles Fahren wird streng bestraft.
besuchen,,add English meaning,Besuchen Sie uns doch mal.
Besuch,der,add English meaning,Wir bekommen Besuch.
sich beteiligen,,add English meaning,Wir wollen unserer Lehrerin ein Geschenk kaufen. Wer möchte sich beteiligen?
Betrag,der,add English meaning,Bitte überweisen Sie den Betrag auf unser Konto.
betreuen,,add English meaning,Wer betreut bei Ihnen die Kinder?
Betreuer,der,add English meaning,", Die Betreuerin der Kinder ist sehr nett."
Betreuung,die,add English meaning,Die Betreuung kommt in der Prüfung vor.
Betrieb,der,add English meaning,In diesem Betrieb arbeiten zehn Leute.
Betriebsrat,der,add English meaning,Der Betriebsrat passt gut zu diesem Thema.
Betriebsrätin,die,add English meaning,neuen Arbeitszeiten informieren.
betrügen,,add English meaning,Ich würde meine Familie niemals betrügen.
betrunken,,add English meaning,"Wenn Sie betrunken Auto fahren, verlieren Sie Ihren Führerschein."
Bett,das,add English meaning,Wir wollten uns neue Betten kaufen.
Bevölkerung,die,add English meaning,11 % der Bevölkerung wurden nicht im Inland geboren.
bevor,,add English meaning,"Bevor wir gehen, möchte ich noch etwas essen."
bewegen,,add English meaning,Ich kann mich vor Schmerzen kaum noch bewegen.
Bewegung,die,add English meaning,Sie brauchen mehr Bewegung. Sie müssen regelmäßig spazieren gehen.
beweisen,,add English meaning,"Wir können beweisen, dass Sie bei Rot über die Ampel gefahren sind."
Beweis,der,add English meaning,Ich habe mich um diese Stelle beworben.
sich bewerben,,add English meaning,Ich übe das reflexive Verb 'bewerben'.
Bewerbung,die,add English meaning,Wohin soll ich meine Bewerbung schicken?
Bewohner,der,add English meaning,Ich kenne die anderen Hausbewohner nicht.
bezahlen,,add English meaning,Hast du die Rechnung schon bezahlt?
Beziehung,die,add English meaning,Wir haben gute Beziehungen zu unseren Nachbarn.
Bibliothek,die,add English meaning,Die Stadtbibliothek hat bereits geschlossen.
Bier,das,add English meaning,Das Bier steht auf meiner Liste.
bieten,,add English meaning,Er hat mir für den alten Wagen noch 800 Euro geboten.
Bild,das,add English meaning,Ein Bild von meinen Kindern hängt über meinem Schreibtisch.
Bildschirm,der,add English meaning,Ich brauche einen größeren Bildschirm für meinen Computer.
Billett,das,add English meaning,"D, A:Ein Billett können Sie am Schalter kaufen."
billig,,add English meaning,Dieses Buch ist nicht ganz billig.
Biologie bio,die,add English meaning,Die Biologie bio kommt in der Prüfung vor.
Birne,die,add English meaning,Möchten Sie Obst? Die Birnen sind heute besonders schön.
bis,,add English meaning,Die Linie 8 fährt nur bis zum Hauptbahnhof.
bisher,,add English meaning,Bisher ist alles in Ordnung.
ein bisschen,,add English meaning,"Wenn Sie ein bisschen warten, können wir zusammen gehen."
bitten,,add English meaning,"Darf ich Sie bitten, kurz zuzuhören?"
Bitte,die,add English meaning,Die Bitte ist ein nützliches Wort.
bitte,,add English meaning,Ich wiederhole heute 'bitte'.
bitter,,add English meaning,Hast du Zucker? Der Tee ist sehr bitter.
blass,,add English meaning,Du siehst ganz blass aus. Bist du krank?
Blatt,das,add English meaning,Die Bäume bekommen schon gelbe Blätter.
bleiben,,add English meaning,Ich bleibe heute zu Hause.
Bleistift,der,add English meaning,Hast du einen Bleistift für mich?
Blick,der,add English meaning,Von hier hat man einen tollen Blick über die Stadt.
blind,,add English meaning,Er ist von Geburt an blind.
blitzen,,add English meaning,Gestern Abend gab es ein Gewitter. Es hat furchtbar geblitzt und gedonnert.
Blitz,der,add English meaning,Der Blitz ist ein nützliches Wort.
blond,,add English meaning,Mein Sohn ist blond.
bloß,,add English meaning,Ich möchte nichts kaufen. Ich möchte mich bloß umsehen.
blühen,,add English meaning,Die Bäume blühen schon. Es ist Frühling.
Blume,die,add English meaning,Wir haben meiner Mutter Blumen zum Geburtstag geschenkt.
Bluse,die,add English meaning,Ich hätte gerne eine weiße Bluse.
bluten,,add English meaning,Ich habe mich verletzt. Meine Hand blutet.
Blut,das,add English meaning,Das Blut ist heute wichtig.
Boden,der,add English meaning,Die Bücher lagen alle auf dem Boden.
Boot,das,add English meaning,An diesem See kann man Boote mieten.
Botschaft,die,add English meaning,Das Visum habe ich von der Botschaft bekommen.
böse,,add English meaning,Ich habe das Buch leider vergessen. Hoffentlich bist du mir nicht böse.
braten,,add English meaning,Das Fleisch muss zehn Minuten braten.
Braten,der,add English meaning,Ich brauche ein Auto.
brechen,,add English meaning,"Er hat sich beim Skifahren verletzt, sein Bein ist gebrochen."
breit,,add English meaning,Der Teppich ist zwei Meter lang und einen Meter breit.
Breite,die,add English meaning,Die Breite passt gut zu diesem Thema.
bremsen,,add English meaning,Der Mann ist ganz plötzlich über die Straße gegangen. Ich musste stark bremsen.
Bremse,die,add English meaning,Du musst unbedingt die Bremsen kontrollieren lassen.
brennen,,add English meaning,In diesem Haus hat es letztes Jahr gebrannt.
Brief,der,add English meaning,Ich schreibe nicht gern Briefe.
Briefkasten,der,add English meaning,Ist hier in der Nähe ein Briefkasten?
Briefträger,der,add English meaning,Der Briefträger ist heute wichtig.
Brille,die,add English meaning,Ich brauche eine neue Brille.
bringen,,add English meaning,Bringen Sie mir bitte ein Glas Tee!
Broschüre,die,add English meaning,In der Broschüre finden Sie die neuesten Informationen.
Brot,das,add English meaning,"Brot kaufe ich immer beim Bäcker, nicht im Supermarkt."
Brötchen,das,add English meaning,A:Ich hole schnell ein paar Brötchen zum li Frühstück.
Brötli,das,add English meaning,D:Ich hole schnell ein paar Brötli zum Frühstück.
Brücke,die,add English meaning,Fahren Sie über die nächste Brücke und dann rechts.
Bruder,der,add English meaning,Mein jüngster Bruder geht noch zur Schule.
Bub,der,add English meaning,D: In der Schulklasse sind 15 Buben und 10 Mädchen.
Buch,das,add English meaning,Haben Sie ein Buch über die Geschichte von Berlin?
Buchhandlung,die,add English meaning,In der Buchhandlung in der Stadt haben sie das Buch sicher.
buchen,,add English meaning,Ich habe für morgen einen Flug nach Rom gebucht.
buchstabieren,,add English meaning,Würden Sie Ihren Namen bitte buchstabieren?
Buchstabe,der,add English meaning,Gibt es diesen Buchstaben auch in deiner Muttersprache?
Büchse,die,add English meaning,Ich habe noch eine Büchse Bohnen.
Buffet,das,add English meaning,Das Buffet ist eröffnet!
Bühne,die,add English meaning,Er steht gern auf der Bühne.
Café,das,add English meaning,Hier in der Nähe ist ein Café. Lass uns einen Kaffee trinken.
bunt,,add English meaning,Das bunte Kleid gefällt mir gut.
Burg,die,add English meaning,Von der Burg hat man eine schöne Aussicht.
Bürger,der,add English meaning,EU-Bürgerinnen und Bürger können überall in Europa arbeiten.
Bürgerin,die,add English meaning,Die Bürgerin kommt in der Prüfung vor.
Büro,das,add English meaning,Unser Büro bleibt samstags geschlossen.
Bürste,die,add English meaning,Hast du eine Bürste? Meine Schuhe sind so schmutzig.
Zahnbürste,die,add English meaning,Ich brauche eine neue Zahnbürste.
Bus,der,add English meaning,Ich fahre meistens mit dem Bus zur Arbeit.
Butter,die,add English meaning,Ich möchte nur Butter aufs Brot.
Chance,die,add English meaning,"Mein Mann hat gute Chancen, die Stelle zu bekommen."
Chef,der,add English meaning,Der Chef passt gut zu diesem Thema.
Chefin,die,add English meaning,da muss ich erst die Chefin fragen.
chic/schick,,add English meaning,Ich finde dein Kleid sehr chick.
Coiffeur,der,add English meaning,Der Coiffeur kommt in der Prüfung vor.
Coiffeuse,die,add English meaning,Coiffeur? Meine Tochter will Coiffeuse werden.
Couch,die,add English meaning,Wir haben uns eine Couch und neue Sessel gekauft.
Creme,die,add English meaning,Ich hätte gern eine Creme für die Hände.
Cousin,der,add English meaning,Meine Cousine wohnt jetzt in Brasilien.
Cousine,die,add English meaning,Die Cousine kommt in der Prüfung vor.
da,,add English meaning,Dieses Wort heißt 'da'.
dabei,,add English meaning,Was hast du dir dabei gedacht?
Dach,das,add English meaning,Wir müssen das Dach reparieren lassen.
dafür,,add English meaning,Meine Schwester interessiert sich für Politik. Ich interessiere mich nicht dafür.
dagegen,,add English meaning,"Vorsicht, da ist ein Baum! Fahr nicht dagegen!"
daher,,add English meaning,"Ich bin erkältet, daher kann ich heute nicht kommen."
dahin,,add English meaning,Ich wiederhole heute 'dahin'.
damals,,add English meaning,Mit 15 wollte ich gerne Klavier spielen lernen. Aber damals hatte ich kein Geld dafür.
Dame,die,add English meaning,Sie ist eine nette alte Dame.
damit,,add English meaning,"Mach schnell, damit wir nicht zu spät kommen."
danach,,add English meaning,"Zuerst gehen wir einkaufen, danach grillen wir auf unserem Balkon."
daneben,,add English meaning,"Du weißt doch, wo die Post ist. Gleich daneben ist die Bank."
danken,,add English meaning,Ich danke dir für die Einladung.
Dank,der,add English meaning,Vielen Dank für Ihre Mühe.
dankbar,,add English meaning,Ich bin Ihnen sehr dankbar für Ihre Hilfe.
danke,,add English meaning,"Soll ich Ihnen helfen? Nein, danke, nicht nötig."
dann,,add English meaning,"Ich muss noch schnell zur Post, dann komme ich."
darstellen,,add English meaning,Er konnte das Problem sehr gut darstellen.
Darstellung,die,add English meaning,Ihr Buch enthält eine klare Darstellung dieser Probleme.
dass,,add English meaning,"Rico hat mir gesagt, dass er auch zur Party kommt."
Datei,die,add English meaning,Wo hast du die Datei gespeichert?
Datum,das,add English meaning,Welches Datum haben wir heute?
Daten,die,add English meaning,Wir haben alle Ihre Daten im Computer.
dauern,,add English meaning,Wie lange dauert die Pause? – Eine halbe Stunde.
Dauer,die,add English meaning,Die Dauer kommt in der Prüfung vor.
dauernd,,add English meaning,Das dauernde Klingeln des Telefons stört mich.
Decke,die,add English meaning,Im Wohnzimmer haben wir keine Lampe an der Decke.
dekorieren,,add English meaning,"Hilfst du mir, den Tisch für die Party zu dekorieren?"
denken,,add English meaning,Du lachst was denkst du gerade?
Gedanke,der,add English meaning,Ich muss zuerst meine Gedanken sammeln.
Denkmal,das,add English meaning,In dieser Stadt gibt es viele berühmte Denkmäler.
denn,,add English meaning,"Ich lerne jetzt auch Portugiesisch, denn ich möchte nach Südamerika reisen."
derselbe,,add English meaning,Mein Freund und ich gehen in dieselbe Schule.
deshalb,,add English meaning,Ich war krank. Deshalb war ich nicht im Büro.
Dessert,das,add English meaning,"D, A: Nach dem Essen gab es noch ein leckeres Dessert."
deswegen,,add English meaning,Ich habe falsch geparkt. Deswegen habe ich einen Strafzettel bekommen.
Detail,das,add English meaning,Dieses Detail ist unwichtig.
deutlich,,add English meaning,Schreiben Sie bitte deutlich!
Diät,die,add English meaning,Ich möchte abnehmen. Deshalb mache ich eine Diät.
Dialekt,der,add English meaning,"Ich verstehe dich besser, wenn du nicht Dialekt sprichst."
Dialog,der,add English meaning,Sie hören jetzt einen Dialog.
dicht,,add English meaning,Unsere Fenster sind nicht dicht. Es zieht immer.
dick,,add English meaning,Ich bin zu dick. Ich muss weniger essen.
Dieb,der,add English meaning,Ein Dieb hat mir auf dem Markt die Tasche gestohlen.
dienen,,add English meaning,Solche Kontakte dienen der Verbesserung der internationalen Beziehungen.
Dienst,der,add English meaning,Als Krankenschwester habe ich oft Frühdienst.
diesdiesmal,,add English meaning,Wohin fährst du dieses Jahr in Urlaub?
digital,,add English meaning,Ich habe eine Digitaluhr gekauft. Die geht genauer als meine alte Uhr.
Ding,das,add English meaning,Gib mir bitte mal das Ding da drüben.
Diplom,das,add English meaning,Wo kann ich mein Diplom abholen?
direkt,,add English meaning,Wir liefern Ihnen die Waren direkt ins Haus.
Direktor,der,add English meaning,Der Direktor passt gut zu diesem Thema.
Direktorin,die,add English meaning,Die Direktorin ist heute wichtig.
Diskothek,die,add English meaning,Wir gehen heute Abend in die Disko(thek).
diskutieren,,add English meaning,"Wir haben lange diskutiert, wie wir das nstediskutierte, hat diskutiertBüro einrichten sollen."
Diskussion,die,add English meaning,-en Im Fernsehen gab es eine Diskussion zum Thema „Kinderbetreuung“. Diese Firma transportiert Waren auch über große Distanzen.
Distanz,die,add English meaning,Die Distanz passt gut zu diesem Thema.
doch,,add English meaning,"Isst du kein Fleisch? – Doch, manchmal schon."
Doktor,der,add English meaning,Ist Frau Dr. Müller da?
Doktorin,die,add English meaning,Meine Tochter ist krank. Wir gehen zum Doktor.
Dokument,das,add English meaning,Hast du alle Dokumente für die Anmeldung dabei?
donnern,,add English meaning,Hörst du es donnern? Das Gewitter kommt näher.
Donner,der,add English meaning,Der Donner ist heute wichtig.
dort,,add English meaning,Dort drüben ist der Bahnhof.
dorthin,,add English meaning,'dorthin' kommt in vielen Texten vor.
Dose,die,add English meaning,"D, CH: Ich habe noch eine Dose Bohnen."
draußen,,add English meaning,Es ist kalt draußen.
Dreck,der,add English meaning,Iss den Apfel nicht! Der lag im Dreck.
drehen,,add English meaning,Drehen Sie zum Einschalten den Schalter nach rechts.
dringend,,add English meaning,Ich muss dich dringend sprechen.
drin,,add English meaning,Wo wollt ihr sitzen? Draußen oder drinnen?
Droge,die,add English meaning,Nimmst du etwa Drogen?
Drogerie,die,add English meaning,Waschmittel bekommst du in der Drogerie.
drüben,,add English meaning,Dort drüben ist die Haltestelle.
drucken,,add English meaning,Warum hast du den Brief noch nicht ausgedruckt?
Drucker,der,add English meaning,Sie brauchen nur auf den Knopf zu drücken.
Druck,der,add English meaning,Mit einem Knopfdruck schaltet man das Gerät ein.
dumm,,add English meaning,"Entschuldigung, das war dumm von mir."
dunkel,,add English meaning,Um sechs Uhr ist es schon dunkel.
dünn,,add English meaning,Mein Sohn ist sehr dünn. Er isst zu wenig.
durch,,add English meaning,Wir sind mit dem Fahrrad durch den Wald gefahren.
durcheinander,,add English meaning,Alle meine Sachen sind durcheinander. Ich finde nichts mehr.
Durchsage,die,add English meaning,"Achtung, Achtung, eine wichtige Durchsage!"
Durchschnitt,der,add English meaning,Der Durchschnitt der Ausgaben liegt bei 150 Euro im Monat.
eben,,add English meaning,Ich bin eben erst angekommen.
durchschnittlich,,add English meaning,'durchschnittlich' kommt in vielen Texten vor.
ebenfalls,,add English meaning,"Ich wünsche Ihnen ein schönes Wochenende. – Danke, ebenfalls."
dürfen,,add English meaning,Dürfen wir heute länger fernsehen?
als Modalverb),,add English meaning,Das hätten Sie nicht machen dürfen! Was darf ich Ihnen anbieten? Ich suche ein gebrauchtes Auto. Es darf nicht mehr als 1000 Euro kosten.
Durst,der,add English meaning,Der Durst kommt in der Prüfung vor.
durstig duschen,,add English meaning,Dieses Wort heißt 'durstig duschen'.
ebenso,,add English meaning,"Schöne Feiertage. – Danke, ebenso."
Dusche,die,add English meaning,Die Dusche ist heute wichtig.
duzen,,add English meaning,Das Verb 'duzen' ist wichtig.
geduzt,,add English meaning,wir können uns gern duzen?
e-card,die,add English meaning,Die e-card ist ein nützliches Wort.
echt,,add English meaning,Ich träume von einem echten Perserteppich.
ec-Karte/EC-Karte A: Bankomat-Karte,die,add English meaning,Die ec-Karte ist heute wichtig.
Ecke,die,add English meaning,Das Regal stellen wir hier in die Ecke.
Eck,das,add English meaning,Das Regal stellen wir hier ins Eck.
eckig,,add English meaning,"Ich möchte einen eckigen Tisch, keinen runden."
egal,,add English meaning,"Es ist mir ganz egal, was die Leute denken."
Ehe,die,add English meaning,Sie hat zwei Kinder aus erster Ehe.
Ehefrau,die,add English meaning,Wie heißt Ihre Ehefrau mit Vornamen?
Ehepaar,das,add English meaning,Das Ehepaar unter uns hat zwei Kinder.
eher,,add English meaning,Ich stehe meist eher auf als mein Mann.
ehrlich,,add English meaning,Sie ist ein ehrlicher Mensch.
Ei,das,add English meaning,Möchtest du zum Frühstück ein Ei?
eigeneigentlich,,add English meaning,Fast jedes Kind hat ein eigenes Zimmer.
sich eignen,,add English meaning,Dieses Hotel eignet sich besonders für Familien mit Kindern.
eilen,,add English meaning,'eilen' kommt in vielen Texten vor.
Eile,die,add English meaning,Die Eile passt gut zu diesem Thema.
eilig,,add English meaning,Ich übe das Wort 'eilig'.
eindie Einbahnstraße,,add English meaning,Ich nehme ein Bier. Willst du auch eins?
einbrechen,,add English meaning,Jemand ist in unsere Wohnung eingebrochen.
Einbrecher,der,add English meaning,Der Einbrecher ist ein nützliches Wort.
Einbruch,der,add English meaning,", ¨-e In der Urlaubszeit gibt es viele Wohnungseinbrüche."
eindeutig,,add English meaning,Das Ergebnis ist eindeutig. Du hast gewonnen.
Eindruck,der,add English meaning,Ich finde die Leute auf der Straße ziemlich unfreundlich. Wie ist dein Eindruck?
einerseits,,add English meaning,"Einerseits möchte ich die Reise gern machen, andererseits ist sie zu teuer."
einfach,,add English meaning,"Hin und zurück? – Nein, bitte nur einfach."
Einfahrt,die,add English meaning,Da parkt wieder jemand vor unserer Einfahrt.
einfallen,,add English meaning,"ein, Mir ist wieder eingefallen, wie das Buch heißt."
Einfall,der,add English meaning,Der Einfall steht auf meiner Liste.
Einfluss,der,add English meaning,Der Einfluss kommt in der Prüfung vor.
beeinflussen,,add English meaning,Dieses Ereignis hat die Wahlen beeinflusst.
einfügen,,add English meaning,"Markieren Sie zuerst die Zeilen, dann „kopieren“ drücken und dann einfügen."
einführen,,add English meaning,Dürfen wir diese Ware ins Land einführen?
Einführung,die,add English meaning,Leider habe ich die Einführung des Kurses verpasst.
Eingang,der,add English meaning,Das Gebäude hat zwei Eingänge.
einheitlich,,add English meaning,Die Schüler dieser Schule tragen einheitliche Kleidung.
einigsich einigen,,add English meaning,In diesem Bericht sind einige Fehler.
einkaufen,,add English meaning,Wir gehen einmal pro Woche einkaufen.
Einkauf,der,add English meaning,Achten Sie beim Einkauf auf Sonderangebote. Ich habe alle Einkäufe erledigt. Jetzt können wir einen Kaffee trinken.
Einkommen,das,add English meaning,Bei einem höheren Einkommen muss man mehr Steuern zahlen. Darf ich Sie zum Essen einladen?
Einladung,die,add English meaning,Danke für die Einladung.
einmal,,add English meaning,Ich habe diese Oper leider nur einmal gesehen.
einnehmen,,add English meaning,Wie muss ich die Tropfen einnehmen?
Einnahme,die,add English meaning,Hast du Handtücher eingepackt?
einpacken,,add English meaning,Ich wiederhole heute 'einpacken'.
einrichten,,add English meaning,Ich habe meine Wohnung selbst eingerichtet.
Einrichtung,die,add English meaning,"n Deine Wohnung ist sehr gemütlich, die Einrichtung gefällt mir sehr gut."
einsam,,add English meaning,Ohne meine Familie fühle ich mich ein bisschen einsam.
einschalten,,add English meaning,Können Sie bitte die Heizung einschalten?
einschließlich,,add English meaning,Alles zusammen kostet 200 Euro einschließlich Fahrtkosten.
Einschreiben,das,add English meaning,"Ich glaube, wir müssen jemanden einsetzen, der sich um die Organisation kümmert."
einsteigen,,add English meaning,Ich wiederhole heute 'einsteigen'.
ein,,add English meaning,einsteigen. Steig ein. Wir wollen losfahren.
einstellen,,add English meaning,Die Firma wird in diesem Jahr drei neue Leute einstellen.
eintragen,,add English meaning,Tragen Sie sich bitte in die Liste ein.
eintreten,,add English meaning,'eintreten' kommt in vielen Texten vor.
Eintritt,der,add English meaning,Der Eintritt passt gut zu diesem Thema.
einverstanden,,add English meaning,"Als Termin schlage ich den Mai vor. – Gut, einverstanden!"
Einwohner,der,add English meaning,Berlin hat über drei Millionen Einwohner.
einzahlen,,add English meaning,Ich habe gestern Geld auf mein Bankkonto eingezahlt.
Einzahlung,die,add English meaning,Sie sollten die Einzahlung pünktlich machen.
einzeln Einzeldie Einzelheit,,add English meaning,"Dieses Mineralwasser gibt es nur als Sechserpack, nicht einzeln."
einzigeinziehen,,add English meaning,Wir waren die einzigen Gäste.
Eis,das,add English meaning,Im Winter gibt es Eis und Schnee.
Eis Glace/Glacé,das,add English meaning,Das Eis Glace kommt in der Prüfung vor.
Eisenbahn,die,add English meaning,Die Kinder wünschen sich eine elektrische Eisenbahn.
elegant,,add English meaning,Ich finde dein Kleid sehr elegant.
elektrisch Elektroelektronisch,,add English meaning,"Wir kochen nicht mit Gas, sondern elektrisch. z.B. Elektrogeschäft, Elektroingenieur, Elektroherd Wir sollten die Daten elektronisch bearbeiten, sonst dauert es zu lange."
Eltern,die,add English meaning,Ich wohne noch bei meinen Eltern.
empfangen,,add English meaning,Wir können mit unserem Fernseher über 30 Programme empfangen.
Empfang,der,add English meaning,Bitte den Empfang bestätigen! Ich bin mit dem Fernseher nicht zufrieden. Der Empfang ist sehr schlecht. Zur Firmeneröffnung bitten wir zu einem kleinen Empfang.
Empfänger,der,add English meaning,Es fehlt die genaue Adresse des Empfängers. Was können Sie mir denn empfehlen?
Empfehlung,die,add English meaning,Ich rufe auf Empfehlung von Herrn Weber an.
enden,,add English meaning,Die Straße endet hier.
Ende,das,add English meaning,Das Ende kommt in der Prüfung vor.
endgültig,,add English meaning,'endgültig' kommt in vielen Texten vor.
endlich,,add English meaning,Endlich haben wir eine schöne Wohnung gefunden.
Energie,die,add English meaning,Wir müssen Energie sparen.
eng,,add English meaning,Die Jacke ist mir zu eng.
Enkel,der,add English meaning,Alle meine Enkel gehen schon zur Schule.
entdecken,,add English meaning,Ich habe in deinem Brief noch ein paar Fehler entdeckt.
entfernen,,add English meaning,Der Müll muss dringend entfernt werden.
Entfernung,die,add English meaning,Aus dieser Entfernung ist das nicht zu erkennen.
entgegenkommen,,add English meaning,Auf dem Weg nach Hause ist mir mein Nachbar entgegengekommen.
enthalten,,add English meaning,Diese Schokolade enthält nur sehr wenig Zucker.
entlang,,add English meaning,Gehen Sie diese Straße entlang. Dann kommen Sie direkt zum Bahnhof.
entlassen,,add English meaning,Die Operation ist gut gelaufen. Wir können Sie nächste Woche aus dem Krankenhaus entlassen.
Entlassung,die,add English meaning,Die Entlassung ist heute wichtig.
entscheiden,,add English meaning,"Das kann ich nicht allein entscheiden, da muss ich erst fragen."
Entscheidung,die,add English meaning,Diese wichtige Entscheidung möchte ich zuerst mit meinem Mann besprechen.
unentschieden,,add English meaning,Es steht unentschieden zwischen den beiden Mannschaften.
sich entschließen,,add English meaning,"Mein Nachbar hat sich nun doch entschlossen, sein Auto zu verkaufen."
entschlossen,,add English meaning,"Ich bin fest entschlossen, diese Ausbildung fertigzumachen."
entschuldigen,,add English meaning,"Entschuldigen Sie bitte, dass ich Sie störe. Aber es gibt ein Problem."
Entschuldigung,die,add English meaning,"Oh, Entschuldigung! – Macht nichts. Kein Problem."
entsorgen,,add English meaning,Wie kann ich meine alte Kaffeemaschine entsorgen?
entspannend,,add English meaning,Der Urlaub war sehr entspannend.
entstehen,,add English meaning,Hier entsteht ein neues Einkaufszentrum.
enttäuschen,,add English meaning,Leider hat mich sein Verhalten enttäuscht.
Enttäuschung,die,add English meaning,Das Endspiel war eine große Enttäuschung.
entweder ... oder,,add English meaning,"Nur einer kann gewinnen, entweder du oder ich."
entwickeln,,add English meaning,Unser Sohn entwickelt sich gut in der Schule.
Entwicklung,die,add English meaning,Genug Schlaf ist wichtig für die Entwicklung Ihres Kindes.
Erde,die,add English meaning,Die Pflanzen brauchen neue Erde.
Erdapfel,der,add English meaning,Kann ich bitte noch Erdäpfel ffel bekommen?
Erdgeschoss/ Ergeschoß,das,add English meaning,Alle Zeitungen haben über diese Ereignisse berichtet.
Ereignis,das,add English meaning,Das Ereignis passt gut zu diesem Thema.
sich ereignen,,add English meaning,Ich übe das reflexive Verb 'ereignen'.
erfahren,,add English meaning,Wann erfahren wir das Ergebnis der Prüfung?
Erfahrung,die,add English meaning,Ich habe zehn Jahre Erfahrung in diesem Beruf.
erfinden,,add English meaning,Das Rad wurde vor ca. 6000 Jahren erfunden.
Erfindung,die,add English meaning,Die Erfindung des Buchdrucks war sehr wichtig für die Menschen.
Erfolg,der,add English meaning,Der Film war ein großer Erfolg.
erfolgreich,,add English meaning,Ich kann 'erfolgreich' in einem Satz benutzen.
erforderlich,,add English meaning,Hier ist die Liste der erforderlichen Zutaten für den Kuchen.
erfordern,,add English meaning,Dieser Job erfordert viel Kraft.
erfüllen,,add English meaning,Sie müssen den Vertrag in allen Punkten erfüllen.
ergänzen,,add English meaning,Ergänzen Sie bitte die fehlenden Angaben.
Ergebnis,das,add English meaning,Ein so gutes Ergebnis hat uns alle überrascht.
erhalten,,add English meaning,Ihr Schreiben vom Januar haben wir erhalten.
erhöhen,,add English meaning,Die Regierung wird sicher bald wieder die Steuern erhöhen.
Erhöhung,die,add English meaning,Wir streiken für eine Lohnerhöhung.
sich erholen,,add English meaning,Im Urlaub habe ich mich sehr gut erholt.
Erholung,die,add English meaning,Ich habe zu viel gearbeitet. Jetzt brauche ich etwas Erholung.
erinnern,,add English meaning,Ich wiederhole heute 'erinnern'.
Erinnerung,die,add English meaning,An diese Zeit habe ich viele schöne Erinnerungen.
sich erkälten,,add English meaning,Ich übe das reflexive Verb 'erkälten'.
erkältet,,add English meaning,Ich bin stark erkältet.
Erkältung,die,add English meaning,Du hast eine schlimme Erkältung!
erkennen,,add English meaning,Ich habe Roberto gleich an seiner Stimme erkannt.
erklären,,add English meaning,"Kannst du mir erklären, wie man diesen Apparat bedient?"
Erklärung,die,add English meaning,Hast du schon die Steuererklärung gemacht?
sich erkundigen,,add English meaning,Hast du dich schon nach einem Zug erkundigt?
erlauben,,add English meaning,"Ich erlaube meinen Kindern nicht, so lange fernzusehen."
Erlaubnis,die,add English meaning,Sie hätten ihn vorher um Erlaubnis bitten müssen.
erleben,,add English meaning,In unserem Urlaub haben wir viel Schönes erlebt.
Erlebnis,das,add English meaning,Die Reise war ein tolles Erlebnis.
erledigen,,add English meaning,Diese zwei Pakete müssen zur Post. Könntest du das für mich erledigen?
erleichtern,,add English meaning,"Ich bin erleichtert, dass alles so gut geklappt hat."
Ermäßigung,die,add English meaning,Es gibt eine Ermäßigung für Kinder und Senioren.
ernähren,,add English meaning,Wie ernähre ich mich richtig?
Ernährung,die,add English meaning,Die Ernährung passt gut zu diesem Thema.
ernst,,add English meaning,Der starke Verkehr ist ein ernstes Problem.
ernsthaft,,add English meaning,Ich kann 'ernsthaft' in einem Satz benutzen.
Ernte,die,add English meaning,Die Ernte ist dieses Jahr gut.
eröffnen,,add English meaning,Mein Nachbar hat letzten Monat ein Geschäft eröffnet.
Eröffnung,die,add English meaning,"Juni. Wenn wir uns beeilen, erreichen wir noch den 8-Uhr-Zug."
erreichen,,add English meaning,Das Wort 'erreichen' ist im Alltag nützlich.
erschöpft,,add English meaning,Nach dem Sport bin ich immer sehr erschöpft.
erschrecken,,add English meaning,Du hast richtig krank ausgesehen. Ich war ganz erschrocken.
ersetzen,,add English meaning,Wir ersetzen Ihnen die Kosten.
Ersatz,der,add English meaning,Der Ersatz passt gut zu diesem Thema.
erst,,add English meaning,Sofia ist erst 20 Jahre alt.
ersterstellen,,add English meaning,Ich war zum ersten Mal allein im Urlaub.
erwachsen,,add English meaning,Die Kinder sind schon fast erwachsen.
Erwachsene,der,add English meaning,"Erwachsene zahlen 5 Euro, für Kinder ist der Eintritt frei."
erwarten,,add English meaning,Ich erwarte einen Anruf aus Berlin.
erzählen,,add English meaning,Mein Mann hat mir schon viel von Ihnen erzählt.
Erzählung,die,add English meaning,Diese Erzählung ist sehr berühmt. Du musst sie lesen.
erziehen,,add English meaning,Kinder zu erziehen ist nicht leicht.
Erziehung,die,add English meaning,Heute kümmern sich auch viele Väter um die Erziehung der Kinder.
es,,add English meaning,Mein Auto muss in die Werkstatt. Es ist kaputt.
essen,,add English meaning,Haben Sie schon zu Mittag gegessen?
Essen,das,add English meaning,Darf ich Sie zum Essen einladen?
etwa,,add English meaning,Von hier sind es etwa zwanzig Kilometer.
etwas,,add English meaning,Ich muss dir etwas erzählen.
eventuell,,add English meaning,Ich komme eventuell etwas später.
ewig,,add English meaning,Ich warte schon ewig auf mein neues Auto!
Experte,der,add English meaning,Ich verstehe ein bisschen was von Computern. Aber ich bin kein Experte.
Fabrik,die,add English meaning,Ich arbeite in einer Autofabrik.
Fach,das,add English meaning,Die Handtücher sind im obersten Fach links.
Export,der,add English meaning,"Hier ist die Firma Schulz, Import und Export."
Fachmann,der,add English meaning,Der Fachmann ist heute wichtig.
Fachfrau,die,add English meaning,Die Fachfrau steht auf meiner Liste.
extra,,add English meaning,Die Getränke kosten extra.
Fachleute,die,add English meaning,Die Fachleute ist ein nützliches Wort.
Fähigkeit,die,add English meaning,"In seiner Position braucht man die Fähigkeit, andere zu überzeugen."
fahren,,add English meaning,Wir sind mit dem Zug gefahren.
gefahren,,add English meaning,Fahr nicht so schnell. Frau Koch fährt einen Mercedes. Soll ich dich nach Hause fahren? Er hat das Auto in die Garage gefahren.
Fähre,die,add English meaning,Die Fähre kommt in der Prüfung vor.
extrem,,add English meaning,Die Prüfung war extrem schwer.
Fahrbahn,die,add English meaning,Fahren Sie bitte vorsichtig. Es sind Kühe auf der Fahrbahn.
Fahrer,der,add English meaning,Die Fahrerin des Wagens wurde nicht verletzt.
Fahrplan,der,add English meaning,Der Fahrplan hat sich geändert. Haben Sie schon den neuen Sommerfahrplan?
Fahrrad,das,add English meaning,"D, A: Sie fährt jeden Morgen mit dem Fahrrad zur Arbeit."
Fahrzeug,das,add English meaning,Wem gehört das Fahrzeug?
fair,,add English meaning,"Ich finde, unsere Mannschaft hat sehr fair gespielt."
Faktor,der,add English meaning,Die Creme hat einen hohen Sonnenschutzfaktor.
Fall,der,add English meaning,Was würden Sie in diesem Fall tun?
fallen,,add English meaning,Das Glas ist auf den Boden gefallen.
fällig,,add English meaning,Die Rechnung ist Énde des Monats fällig.
falls,,add English meaning,"Falls es regnet, machen wir kein Picknick."
falsch,,add English meaning,"Tut mir leid, ich habe die falsche Nummer gewählt."
Familie,die,add English meaning,Ich habe eine große Familie.
Familienstand Personenstand; CH: Zivilstand,der,add English meaning,Der Familienstand Personenstand; CH: Zivilstand kommt in der Prüfung vor.
fangen,,add English meaning,Das Kind hat den Ball gefangen.
Fantasie/Phantasie,die,add English meaning,Mein Sohn malt sehr gut. Er hat viel Fantasie.
fantastisch,,add English meaning,Ich übe das Wort 'fantastisch'.
Farbe,die,add English meaning,Welche Farbe magst du am liebsten?
farbig,,add English meaning,Ich wiederhole heute 'farbig'.
Fasching,der,add English meaning,D: Dort hängt mein Kostüm für den Faschings(um)zug.
Fasnacht Fasching; D: Karneval,die,add English meaning,Die Fasnacht Fasching; D: Karneval passt gut zu diesem Thema.
fassen,,add English meaning,Sie haben den Dieb gefasst.
fast,,add English meaning,Das Konzent ist fast zu Ende.
faul,,add English meaning,Mein Sohn war am Anfang in der Schule sehr faul. Heute lernt er sehr fleißig.
faulenzen,,add English meaning,Am Wochenende können wir faulenzen.
fehlen,,add English meaning,"1 Auf dem Brief fehlt der Absender. Hast du Kleingeld? Mir fehlt ein Euro. In der Kasse fehlen 20 Euro. Antonio war nicht in der Schule, er fehlt schon seit drei Tagen. Was fehlt Ihnen? Haben Sie Schmerzen?"
Fehler,der,add English meaning,"Ich glaube, da haben Sie einen Fehler gemacht."
Feier,die,add English meaning,Die Feier steht auf meiner Liste.
Feierabend,der,add English meaning,Der Feierabend kommt in der Prüfung vor.
Feiertag,der,add English meaning,Der Feiertag ist ein nützliches Wort.
Feld,das,add English meaning,Auf diesem Feld wächst Gemüse.
Fenster,das,add English meaning,Das Fenster ist heute wichtig.
Ferien A: Urlaub Feriendie Fernbedienung,die,add English meaning,Die Ferien A: Urlaub Feriendie Fernbedienung steht auf meiner Liste.
fernsehen,,add English meaning,Meine Kinder dürfen abends nur eine Stunde fernsehen.
Fernsehen,das,add English meaning,Was gibt es heute Abend im Fernsehen?
Fernseher,der,add English meaning,Das Essen ist gleich fertig.
fest,,add English meaning,"Mein Kollege glaubt fest daran, dass er die neue Stelle bekommt."
Fest,das,add English meaning,"Wenn ich 18 werde, feiern wir ein großes Fest."
Festplatte,die,add English meaning,Mein Computer hat eine große Festplatte.
festhalten,,add English meaning,Halt dich gut fest.
festlegen,,add English meaning,"Ich weiß noch nicht, ob ich das mache. Ich möchte mich noch nicht festlegen."
festnehmen nimmt fest,,add English meaning,Die Polizei hat einen Mann festgenommen.
festsetzen,,add English meaning,Die Schule hat den Termin für die Prüfung festgesetzt.
feststehen,,add English meaning,Der Termin steht seit Langem fest.
feststellen,,add English meaning,"Er hat festgestellt, dass der Absender des Briefes falsch war."
fett,,add English meaning,Die Wurst ist mir zu fett.
Fett,das,add English meaning,Das Fett ist heute wichtig.
feucht,,add English meaning,Die Wäsche ist noch feucht.
Feuer,das,add English meaning,Der Schaden durch das Feuer war sehr groß.
Feuerzeug,das,add English meaning,Das Feuerzeug ist ein nützliches Wort.
Feuerwehr,die,add English meaning,-en Schnell! Rufen Sie die Feuerwehr! Die Nummer ist: Plötzlich habe ich hohes Fieber bekommen.
Fieber,das,add English meaning,Das Fieber ist heute wichtig.
Figur,die,add English meaning,Lars hat eine gute Figur.
Film,der,add English meaning,Den Film musst du dir unbedingt ansehen.
finanzieren,,add English meaning,"Ich weiß nicht, wie ich das Auto rt finanzieren soll. finanziell Finanziell geht es meinem Neffen jetzt besser."
finanziell,,add English meaning,Dieses Wort heißt 'finanziell'.
finden,,add English meaning,Ich übe das Verb 'finden'.
gefunden,,add English meaning,gefunden. Ich kann meinen Schlüssel nicht finden. Luigi finde ich sehr nett.
Finger,der,add English meaning,Alessandro hat sich in den Finger geschnitten. Seit wann arbeiten Sie bei dieser Firma?
flach,,add English meaning,Für die Arbeit brauche ich flache Schuhe.
Fläche,die,add English meaning,Unsere Wohnung hat eine Wohnfläche von 100 m².
Flasche,die,add English meaning,Wo kann man die leeren Flaschen zurückgeben?
Fleck,der,add English meaning,Du hast einen Fleck auf der Bluse.
Fleisch,das,add English meaning,Fleisch mag ich nicht.
Fleischhauer,der,add English meaning,Der Fleischhauer ist ein nützliches Wort.
fleißig,,add English meaning,Pamela ist wirklich fleißig. Sie macht immer ihre Hausaufgaben.
flexibel,,add English meaning,Meine Arbeitszeit ist flexibel.
fliegen,,add English meaning,Der Vogel ist auf einen Baum geflogen.
fliehen,,add English meaning,Der Einbrecher ist sofort geflohen.
Flucht,die,add English meaning,Der Einbrecher war schon auf der Flucht.
fließen,,add English meaning,Dieser Fluss fließt in die Nordsee.
geflossen,,add English meaning,Das Wort 'geflossen' ist im Alltag nützlich.
fließend,,add English meaning,Mein Kollege spricht fließend Deutsch.
Flohmarkt,der,add English meaning,Diesen Hut habe ich am Flohmarkt gekauft.
Flöte,die,add English meaning,Sie spielt sehr schön Flöte.
Flug,der,add English meaning,Ich habe den Flug für Sie gebucht.
Flughafen,der,add English meaning,Der Flughafen liegt 30 km außerhalb der Stadt. Das Flugzeug ist gerade gelandet.
Flur,der,add English meaning,"D, CH:Wir warten draußen im Flur."
Fluss,der,add English meaning,Wie heißt dieser Fluss?
Flüssigkeit,die,add English meaning,Dieses Medikament mit viel Flüssigkeit einnehmen.
folgen,,add English meaning,Es folgen die Nachrichten.
Folge,die,add English meaning,Die Folgen des Unfalls waren schlimm.
folgend,,add English meaning,Mehr Informationen auf den folgenden Seiten.
fordern,,add English meaning,Die Arbeitnehmer fordern mehr Geld.
Forderung,die,add English meaning,Alle Forderungen der Arbeitnehmer kann man in dieser E-Mail lesen.
fördern,,add English meaning,Die Stadt fördert viele Sportprojekte.
Förderung,die,add English meaning,Für das Projekt bekommen wir eine Förderung von der Stadt.
Form,die,add English meaning,Diese Schuhe haben eine schöne Form.
Formular,das,add English meaning,Füllen Sie bitte dieses Formular aus.
Forschung,die,add English meaning,Er arbeitet in der Forschung.
Fortbildung,die,add English meaning,"Die Fortbildung, die ich machen will, ist sehr teuer."
Fortschritt,der,add English meaning,Ich habe beim Deutschlernen große Fortschritte gemacht.
fortsetzen,,add English meaning,Wir setzen die Behandlung am nächsten Donnerstag um 11 Uhr fort.
Fortsetzung,die,add English meaning,Fortsetzung folgt.
Forum,das,add English meaning,Ich melde mich heute bei diesem Forum an.
fotografieren,,add English meaning,Ich fotografiere gern.
Foto,das,add English meaning,-s Können Sie dieses Foto vergrößern? Ich möchte mir einen Fotoapparat kaufen.
Fotoapparat,der,add English meaning,Der Fotoapparat steht auf meiner Liste.
Fotograf,der,add English meaning,n Die Fotografin hat sehr schöne Fotos gemacht.
Fotografie,die,add English meaning,Darf ich Sie etwas fragen?
fragen,,add English meaning,Dieses Verb heißt 'fragen'.
Frage,die,add English meaning,Ich habe Ihre Frage leider nicht verstanden.
Frau,die,add English meaning,Die Frau steht auf meiner Liste.
frech,,add English meaning,Du darfst in der Schule nicht so frech sein.
frei,,add English meaning,Ist dieser Platz noch frei?
im Freien,,add English meaning,Ich wiederhole heute 'im Freien'.
Freiheit,die,add English meaning,Die Freiheit ist heute wichtig.
Freizeit,die,add English meaning,Die Freizeit steht auf meiner Liste.
freiwillig,,add English meaning,Manchmal bleibe ich freiwillig länger im Büro.
fremd,,add English meaning,Ich reise gern in fremde Länder.
fressen,,add English meaning,Hat der Hund schon etwas zu fressen bekommen?
sich freuen,,add English meaning,"Es freut mich, dass alles so gut geklappt hat."
Freude,die,add English meaning,Diese Arbeit macht mir viel Freude.
Freund,der,add English meaning,Ich sehe meine Freunde nur am Wochenende.
freundlich,,add English meaning,Er hat uns sehr freundlich begrüßt.
Freundschaft,die,add English meaning,Deine Freundschaft ist mir sehr wichtig.
Friede,der,add English meaning,"Wenn Sie frieren, mache ich das Fenster wieder zu."
frisch,,add English meaning,Das Brot ist noch ganz frisch.
Friseur,der,add English meaning,Du siehst toll aus! Wer ist dein Friseur?
Friseurin,die,add English meaning,Meine Tochter will Friseurin werden.
Frisur,die,add English meaning,Du hast eine tolle Frisur! Warst du beim Friseur?
Frist,die,add English meaning,Die Frist für die Anmeldung zum Deutschkurs ist abgelaufen.
froh,,add English meaning,"Ich bin froh, dass alles so gut geklappt hat."
fröhlich,,add English meaning,Ich wiederhole heute 'fröhlich'.
Frucht,die,add English meaning,Welche Früchte kann man essen? Obst Früchte kaufe ich am liebsten auf dem Markt.
früh,,add English meaning,Hier ist schon am frühen Morgen starker Verkehr.
früher/früherfrühstücken,,add English meaning,Früher habe ich in Berlin gewohnt.
Frühstück,das,add English meaning,Das Frühstück steht auf meiner Liste.
fühlen,,add English meaning,"Wie fühlen Sie sich? Danke, ich fühle mich wohl."
führen,,add English meaning,Der Lehrer führt seine Schüler durch das Museum.
Führerausweis,der,add English meaning,"Hast du einen Führerschein? CH: Führerausweis2. Ich habe vor einem halben Jahr den Führerschein gemacht. Führung, -en Die nächste Führung beginnt um 15 Uhr."
Führerschein,der,add English meaning,Der Führerschein ist heute wichtig.
Führung,die,add English meaning,Die Führung steht auf meiner Liste.
Fundbüro,das,add English meaning,Sie haben Ihren Schirm verloren. Da fragen Sie am besten im Fundbüro.
funktionieren,,add English meaning,'funktionieren' kommt in vielen Texten vor.
für,,add English meaning,Ist Post für mich da?
Gabel,die,add English meaning,Wir brauchen bitte noch eine Gabel.
Galerie,die,add English meaning,Diese Galerie ist sehr interessant.
furchtbar fürchten,,add English meaning,Dennis hat furchtbare Schmerzen.
Gang,der,add English meaning,Der Gang ist ein nützliches Wort.
Fuß,der,add English meaning,Er hat sich den linken Fuß gebrochen.
Fußball,der,add English meaning,Spielt ihr gerne Fußball?
ganz,,add English meaning,Ich habe den ganzen Tag noch nichts gegessen.
Fußgänger,der,add English meaning,Dieser Weg ist nur für Fußgänger.
Fußgängerzone,die,add English meaning,Wir treffen uns um 15 Uhr in der Fußgängerzone.
füttern,,add English meaning,"Es ist im Zoo nicht erlaubt, die Tiere zu füttern."
gar,,add English meaning,Die Kartoffeln sind noch nicht gar.
Garage,die,add English meaning,Hier ist eine Garage zu vermieten.
garantieren,,add English meaning,"Ich kann Ihnen nicht garantieren, dass das Gerät nächste Woche fertig ist."
Garantie,die,add English meaning,Auf die Waschmaschine haben Sie ein Jahr Garantie.
Garderobe,die,add English meaning,Die Mäntel bitte an der Garderobe abgeben.
Garten,der,add English meaning,Wir kochen mit Gas.
Gast,der,add English meaning,Wir haben heute Abend Gäste.
Gasthaus,das,add English meaning,) Gehen wir noch in ein Gasthaus ein Bier trinken?
Gaststätte,die,add English meaning,(D) Ich arbeite seit einem Monat in einer Gaststätte.
Gebäude,das,add English meaning,Geben Sie mir bitte eine Quittung!
Gebäck,das,add English meaning,Das Gebäck ist ganz frisch.
Gebiet,das,add English meaning,In diesem Gebiet gibt es kaum Industrie.
Gebirge,das,add English meaning,Wir haben unseren Urlaub im Gebirge verbracht.
geboren werden,,add English meaning,Wann und wo sind Sie geboren?
geboren,,add English meaning,Dieses Verb heißt 'geboren'.
gebrauchen,,add English meaning,Wir können diese Möbel gut gebrauchen.
Gebrauchsanweisung,die,add English meaning,Lesen Sie bitte zuerst die -en Gebrauchsanweisung. Die Gebühr liegt bei 60 Euro.
Gebühr,die,add English meaning,Die Gebühr kommt in der Prüfung vor.
Geburt,die,add English meaning,Wir gratulieren zur Geburt eures Kindes!
Geburtstag,der,add English meaning,-e Herzlichen Glückwunsch zum Geburtstag! Kennst du ein schönes Gedicht?
Gedicht,das,add English meaning,Das Gedicht ist heute wichtig.
Geduld,die,add English meaning,Die Geduld steht auf meiner Liste.
geehrt,,add English meaning,'geehrt' kommt in vielen Texten vor.
geeignet,,add English meaning,Dieses Spiel ist nicht für Kinder unter drei Jahren geeignet.
Gefahr,die,add English meaning,Betreten der Baustelle auf eigene Gefahr.
gefährlich,,add English meaning,"Achtung, hier ist eine gefährliche Kurve!"
gefallen,,add English meaning,Wie gefällt es Ihnen hier?
sich etwas gefallen lassen,,add English meaning,Das würde ich mir nicht gefallen lassen.
lassen,,add English meaning,Dieses Wort heißt 'lassen'.
Gefängnis,das,add English meaning,Er wurde zu fünf Jahren Gefängnis verurteilt.
Gefühl,das,add English meaning,"Ich glaube, ich schaffe die Prüfung. Ich habe ein gutes Gefühl."
gegen,,add English meaning,Ich bin gegen einen Baum gefahren.
Gegner,der,add English meaning,Sie ist eine Gegnerin von Tierversuchen.
Gegensatz,der,add English meaning,Diese beiden Meinungen stehen in starkem Gegensatz zueinander.
Gegenstand,der,add English meaning,Ich schließe meine persönlichen Gegenstände im Schwimmbad lieber in ein Fach ein.
Gegenteil,das,add English meaning,Das Gegenteil von „klein“ ist „groß“.
gegenüber,,add English meaning,Das Geschäft liegt direkt gegenüber der Post.
Gehalt,das,add English meaning,Ich bin mit meinem Gehalt zufrieden.
Geheimnis,das,add English meaning,Das kann ich dir nicht sagen. Das ist ein Geheimnis. geheim Das ist geheim. Du darfst es niemandem sagen.
geheim,,add English meaning,Ich wiederhole heute 'geheim'.
gehen,,add English meaning,Ich gehe jeden Morgen zu Fuß zur Arbeit.
gehören,,add English meaning,"e, Gehört Ihnen das Haus?"
Gehsteig Trottoir,der,add English meaning,Der Gehsteig Trottoir kommt in der Prüfung vor.
Geld,das,add English meaning,Ich habe nicht genug Geld dabei.
Geldautomat,der,add English meaning,Der Geldautomat passt gut zu diesem Thema.
Gelegenheit,die,add English meaning,"Das Fest ist eine gute Gelegenheit, unsere Freunde zu sehen."
gelingen,,add English meaning,"ng, Es ist mir gelungen, meinen Chef zu überzeugen."
gelten,,add English meaning,Mein Pass gilt noch ein Jahr.
gemeinsam,,add English meaning,Du musst die Wohnung renovieren? Ich helfe dir. Wir können das gemeinsam machen.
Gemeinschaft,die,add English meaning,Rauchen ist in den Gemeinschafts-räumen nicht erlaubt.
Gemüse,das,add English meaning,Wir kaufen das Gemüse direkt beim Bauern.
gemütlich,,add English meaning,Wir haben eine sehr gemütliche Wohnung.
genau,,add English meaning,Haben Sie die genaue Zeit?
genauso,,add English meaning,Katarina sieht genauso aus wie ihre Schwester.
genehmigen,,add English meaning,Mein Chef hat mir sechs Wochen Urlaub genehmigt.
Generation,die,add English meaning,In diesem Haus wohnen drei Generationen zusammen.
genießen,,add English meaning,"Er kann das Essen leider nicht genießen, weil es zu scharf ist."
genug,,add English meaning,Es ist noch genug Suppe da.
genügen,,add English meaning,Wie viele Zimmer brauchen Sie? – Mir genügt eine 2-Zimmer-Wohnung.
Gepäck,das,add English meaning,Ich habe mein Gepäck am Bahnhof gelassen.
gerade,,add English meaning,Das Bild hängt nicht gerade.
geradeaus,,add English meaning,Fahren Sie geradeaus bis zur nächsten Kreuzung.
Gerät,das,add English meaning,Ich kaufe meine Elektrogeräte immer gebraucht. Das ist viel billiger.
gerecht,,add English meaning,Lass uns den Kuchen gerecht verteilen.
Gericht,das,add English meaning,Ich habe heute Vormittag einen Termin beim Gericht.
gering,,add English meaning,Unsere Mannschaft hatte nur eine geringe Chance.
gern/gerne,,add English meaning,Ich helfe Ihnen gern.
gesamt-/Gesamtdas Geschäft,,add English meaning,Ich habe meine gesamten Bücher verschenkt.
geschehen,,add English meaning,Vielen Dank für Ihre Hilfe. – Gern geschehen.
Geschenk,das,add English meaning,Vielen Dank für das Geschenk.
Geschichte,die,add English meaning,Ich interessiere mich nicht für Geschichte.
geschieden,,add English meaning,Ich bin seit drei Jahren geschieden.
Geschirr,das,add English meaning,Für die Geburtstagsfeier brauche ich Geschirr für zwölf Personen.
Geschlecht,das,add English meaning,Bitte kreuzen Sie an: „Geschlecht: weiblich/männlich“.
Geschmack,der,add English meaning,Ich möchte bitte Kaugummi mit Erdbeergeschmack.
Geschwindigkeit,die,add English meaning,Das Auto fuhr mit zu hoher Geschwindigkeit.
Geschwindigkeitsbeschränkung,die,add English meaning,Bitte beachten Sie die Geschwindigkeitsbeschränkungen.
Geschwister,die,add English meaning,Die Geschwister sehen sich nur selten.
Gesellschaft,die,add English meaning,Er will die Gesellschaft verändern.
Gesetz,das,add English meaning,Das Parlament hat ein neues Gesetz beschlossen.
Gesicht,das,add English meaning,Wasch dir bitte das Gesicht.
gespannt,,add English meaning,"Ich bin gespannt, wer bei diesem Spiel gewinnt."
Gespräch,das,add English meaning,Herr Müller ist gerade in einem Gespräch.
gestern,,add English meaning,Ich bin erst gestern zurückgekommen.
gesund,,add English meaning,Ich hatte Grippe. Jetzt bin ich wieder gesund.
Gesundheit,die,add English meaning,Sie müssen mehr auf Ihre Gesundheit achten.
Getränk,das,add English meaning,Besorgst du bitte die Getränke?
Gewalt,die,add English meaning,"Ich mag keine Filme, in denen Gewalt vorkommt."
Gewerkschaft,die,add English meaning,Die Gewerkschaft vertritt die Interessen der Arbeitnehmer.
Gewicht,das,add English meaning,Wie teuer ist das Päckchen? – Das hängt vom Gewicht ab.
gewinnen,,add English meaning,Ich möchte so gern einmal im Lotto gewinnen.
Gewinn,der,add English meaning,Ich habe bei einem Ratespiel mitge macht. Der Hauptgewinn ist ein Auto.
Gewissen,das,add English meaning,Ich habe deinen Geburtstag vergessen. Ich habe ein ganz schlechtes Gewissen.
Gewitter,das,add English meaning,Wir haben uns an das Leben hier gewöhnt.
gewöhnt/ist gewöhnt,,add English meaning,"Ich bin daran gewöhnt, früh aufzustehen."
Gewohnheit,die,add English meaning,"Er hat die Gewohnheit, morgens zuerst die Post zu erledigen."
gewohnt,,add English meaning,"Ich bin gewohnt, früh ins Bett zu gehen."
gewöhnlich,,add English meaning,Um die Zeit ist er gewöhnlich zu Hause.
Gewürz,das,add English meaning,Von den scharfen Gewürzen bekommt man Durst.
gießen,,add English meaning,Es hat nicht geregnet. Ich muss meine Blumen gießen.
Gift,das,add English meaning,"Vorsicht, das Gift dieser Pflanze ist für Menschen gefährlich! giftig Vorsicht, das ist giftig!"
giftig,,add English meaning,Das Wort 'giftig' ist nützlich.
Gitarre,die,add English meaning,Ich spiele seit drei Jahren Gitarre.
die/das Glace/Glacé,,add English meaning,Dieses Wort heißt 'die'.
Glas,das,add English meaning,"Vorsicht, die Kanne ist aus Glas!"
glatt,,add English meaning,Fahr vorsichtig! Es ist glatt.
glauben,,add English meaning,"Ich glaube, der Chef ist heute nicht im Büro."
gleich,,add English meaning,'gleich' kommt in vielen Texten vor.
gleichfalls,,add English meaning,Dieses Wort heißt 'gleichfalls'.
gleichberechtigt,,add English meaning,Ich wiederhole heute 'gleichberechtigt'.
gleichzeitig,,add English meaning,Ich übe das Wort 'gleichzeitig'.
Gleis,das,add English meaning,Der Zug fährt heute von Gleis 7 ab.
Glück,das,add English meaning,Du hast dich nicht verletzt. Da hast du Glück gehabt.
glücklich,,add English meaning,'glücklich' kommt in vielen Texten vor.
Glückwunsch,der,add English meaning,"¨-e Herzlichen Glückwunsch zum Geburtstag! Ist der Ring aus Gold? Nein, der sieht nur so aus. Kannst du Golf spielen?"
Gold Golf,das,add English meaning,Das Gold Golf ist heute wichtig.
Gott,der,add English meaning,Glaubst du an Gott?
Grafik,die,add English meaning,Die Grafik zeigt die Temperaturen im letzten Jahr.
Gras,das,add English meaning,Wir lagen den ganzen Tag im Gras.
gratulieren,,add English meaning,Ich gratuliere euch zur Geburt eurer Tochter.
Gratulation,die,add English meaning,Herzliche Gratulation! Sie haben gewonnen!
gratis,,add English meaning,"Diese Reparatur kostet Sie gar nichts, wir machen das gratis für Sie."
greifen,,add English meaning,Greifen Sie doch zu!
Grenze,die,add English meaning,An der Grenze musst du deinen Ausweis zeigen.
grillen,,add English meaning,Heute wollen wir im Garten grillen.
grillieren,,add English meaning,Heute wollen wir im Garten grillieren.
Grill,der,add English meaning,Kannst du mir deinen Grill leihen? Wir wollen am Wochenende ein Picknick machen.
Grippe,die,add English meaning,Ich habe eine Grippe und kann leider nicht kommen.
groß Großdie Größe,,add English meaning,Wir haben einen großen Garten.
gründen,,add English meaning,Frau Bauer hat eine eigene Firma gegründet.
Grund,der,add English meaning,Sie haben Ihre Stelle gekündigt. Aus welchem Grund?
gründlich,,add English meaning,"Ich möchte die Wohnung gründlich reinigen, bevor der Besuch kommt."
Grundstück,das,add English meaning,Wir wollen ein Haus bauen und suchen ein günstiges Grundstück.
Gruppe,die,add English meaning,Für Gruppen gibt es eine Ermäßigung.
grüßen,,add English meaning,"Wer war die Frau, die du eben gegrüßt hast?"
Gruß,der,add English meaning,Der Gruß ist heute wichtig.
gucken,,add English meaning,Guck doch mal! Es schneit.
gültig,,add English meaning,Mein Pass ist nur noch zwei Monate gültig.
Haar,das,add English meaning,Meine Freundin hat langes schwarzes Haar.
günstig,,add English meaning,Ich suche eine günstige Ferienwohnung.
haben,,add English meaning,Ich übe das Verb 'haben'.
gut,,add English meaning,Ich kenne ein gutes Lokal.
Gymnastik,die,add English meaning,Ich mache jeden Morgen Gymnastik.
Hackfleisch A: Faschierte,das,add English meaning,Das Hackfleisch A: Faschierte ist ein nützliches Wort.
Hafen,der,add English meaning,"Wenn du in Hamburg bist, musst du dir unbedingt den Hafen ansehen. Bei Gewitter kann es auch hageln."
Hähnchen/Hühnchen,das,add English meaning,Zum Mittagessen gibt es Hühnchen mit Reis.
halb,,add English meaning,Treffen wir uns um halb neun?
Halbpension,die,add English meaning,Wir möchten ein Hotel mit Halbpension.
halbtags,,add English meaning,Ich habe ein kleines Kind und kann nicht acht Stunden am Tag arbeiten. Deshalb möchte ich halbtags arbeiten.
Hälfte,die,add English meaning,Bitte teilt euch die Schokolade. Jeder bekommt die Hälfte.
Halle,die,add English meaning,Die Stadt baut eine neue Sporthalle.
Hallenbad,das,add English meaning,Sie geht jeden Tag zum Schwimmen ins Hallenbad.
hallo,,add English meaning,"Hallo, wie geht’s? − Danke, gut, und dir?"
Hals,der,add English meaning,Mir tut der Hals weh.
halt,,add English meaning,Es gibt leider keine Karten mehr. – Schade. Da kann man nichts machen. Das ist halt so.
haltbar,,add English meaning,Diese Tomaten sind mindestens 2 Wochen haltbar.
halten,,add English meaning,Kannst du mal kurz meine Handtasche halten?
Halt,der,add English meaning,Der Halt kommt in der Prüfung vor.
Haltestelle,die,add English meaning,", -n An der nächsten Haltestelle müssen wir aussteigen."
Hammer,der,add English meaning,Wasch dir bitte die Hände vor dem Essen.
Handwerker,der,add English meaning,Morgen sind bei uns die Handwerker. Wir bekommen eine neue Badewanne.
handeln,,add English meaning,Herr Huber hat ein kleines Geschäft. Er handelt mit Obst und Gemüse.
Handel,der,add English meaning,Der Handel kommt in der Prüfung vor.
Händler,der,add English meaning,Der Händler ist ein nützliches Wort.
Handy,das,add English meaning,"Ich habe kein Festnetztelefon, aber ein Handy."
hängen,,add English meaning,Das Bild hängt schief.
hart,,add English meaning,Das Bett im Hotel war mir zu hart.
hassen,,add English meaning,Ich hasse Autofahren.
hässlich,,add English meaning,Das ist aber eine hässliche Lampe!
häufig Hauptdie Hauptstadt,,add English meaning,Haben Sie häufig Kopfschmerzen? Dann sollten Sie nicht so lange am Computer sitzen. -e Berlin ist die Hauptstadt von Deutschland.
Hauptbahnhof,der,add English meaning,Treffen wir uns am Hauptbahnhof?
Haus,das,add English meaning,Wir haben ein Haus gemietet.
Hausaufgabe,die,add English meaning,Kannst du mir bei den Hausaufgaben helfen?
Hausfrau/der Hausmann,die,add English meaning,Meine Frau ist Hausfrau und kümmert sich um die Kinder./Mein Mann ist Hausmann und kümmert sich um die Kinder.
Haushalt,der,add English meaning,"Ich kümmere mich um den Haushalt, d. h. ich putze, wasche, koche etc."
Hausmeister,der,add English meaning,Der Hausmeister ist heute wichtig.
Haut,die,add English meaning,Haben Sie eine Creme für trockene Haut?
heben,,add English meaning,Kannst du mir helfen? Das Paket kann ich allein nicht heben.
Heft,das,add English meaning,Ich hätte gern ein Schreibheft.
heim,,add English meaning,Ich will jetzt heim.
Heim,das,add English meaning,Meine Oma wohnt in einem Seniorenheim.
Heimat,die,add English meaning,Ich lebe jetzt hier in Deutschland. Das ist meine neue Heimat.
heimlich,,add English meaning,"Gestern habe ich gehört, dass mein Sohn heimlich raucht."
Heimweh,das,add English meaning,Ich habe oft Heimweh nach meiner Familie.
heiraten,,add English meaning,Unsere Freunde heiraten nächsten Monat in Italien.
heiß,,add English meaning,Für die Jahreszeit ist es zu heiß.
heißen,,add English meaning,Das Verb 'heißen' ist wichtig.
heizen,,add English meaning,Wir heizen mit Öl.
Heizung,die,add English meaning,Es ist kalt. Ist die Heizung kaputt?
Held,der,add English meaning,Er spielt gern den Helden.
Heldin,die,add English meaning,Sie ist die Heldin des Tages.
helfen,,add English meaning,Kannst du mir helfen? Ich muss nächsten Monat umziehen.
Hilfe,die,add English meaning,Die Hilfe kommt in der Prüfung vor.
hell,,add English meaning,Im Sommer wird es um 5 Uhr schon hell.
Hemd,das,add English meaning,Nikos trägt heute ein weißes Hemd.
Hendl,das,add English meaning,D: Zum Mittagessen gibt es Hendl mit Reis.
her/herheraus,,add English meaning,"Wir haben uns lange nicht gesehen. – Ja, das ist wirklich lange her."
heraus,,add English meaning,'heraus' kommt in vielen Texten vor.
Herausforderung,die,add English meaning,Das Spiel ist eine Herausforderung.
Herd,der,add English meaning,In der neuen Küche fehlt noch der Herd.
herein,,add English meaning,Kommt doch herein! Viele Leute fragen mich nach meiner Herkunft.
Herr,der,add English meaning,"Da ist ein Herr, der möchte Sie sprechen."
herstellen,,add English meaning,In unserer Firma stellen wir Schokolade her.
Hersteller,der,add English meaning,Der Hersteller ist ein nützliches Wort.
herunter,,add English meaning,Ich wiederhole heute 'herunter'.
Herz,das,add English meaning,Ich bin ganz nervös. Mir klopft das Herz.
herzlich,,add English meaning,Herzlichen Glückwunsch!
heute,,add English meaning,Heute kann ich etwas früher nach Hause gehen.
heutighier/hierhierher,,add English meaning,Dieses Wort heißt 'heutighier'.
Himmel runterwerfen,der,add English meaning,Wir hatten im Urlaub so tolles Wetter. Immer Sonne und blauer Himmel. Kannst du mir bitte den Schlüssel runterwerfen? Ich habe meinen vergessen.
hinten,,add English meaning,Wo möchtest du sitzen? Hinten oder vorne?
hinter/hinterhinterlassen,,add English meaning,Hinter dem Haus haben wir einen Garten.
hinterher,,add English meaning,Vor der Prüfung habe ich so viel gelernt. Hinterher habe ich vieles wieder vergessen.
hinweisen,,add English meaning,"Wir möchten Sie darauf hinweisen, dass das Rauchen am Bahnsteig nicht gestattet ist."
Hinweise,der,add English meaning,e Die Polizei hat viele Hinweise zum Unfall bekommen. Wir waren mit unserer Klasse im Historischen Museum.
historisch,,add English meaning,Ich übe das Wort 'historisch'.
Hitze,die,add English meaning,Gestern war eine schreckliche Hitze!
Hobby,das,add English meaning,Ich habe keine Zeit mehr für meine Hobbys.
hoch,,add English meaning,Der Berg ist fast 3000 m hoch.
Höhe,die,add English meaning,"Mein Tisch hat folgende Maße: Länge: 1,20 m, Breite: 0,60 m, Höhe: 0,80 m."
hochladen,,add English meaning,Kannst du bitte die Datei für die Hausaufgabe hochladen?
höchstens,,add English meaning,Ich habe wenig Zeit. Ich kann höchstens eine Viertelstunde bleiben.
Hochzeit,die,add English meaning,Claudia und Peter wollen ihre Hochzeit groß feiern.
Hof,der,add English meaning,Die Kinder spielen am liebsten im Hof.
Bauernhof,der,add English meaning,Meine Großeltern hatten einen Bauernhof.
hoffen,,add English meaning,"Ich hoffe, dass ihr zu meinem Geburtstag kommen könnt."
hoffentlich,,add English meaning,Das Wort 'hoffentlich' ist nützlich.
Hoffnung,die,add English meaning,n Man darf die Hoffnung nicht verlieren.
höflich,,add English meaning,Unser Nachbar ist sehr höflich. Er sagt immer als Erster Guten Tag.
holen,,add English meaning,Soll ich uns was zu trinken holen?
Holz,das,add English meaning,Möchten Sie ein Regal aus Holz oder aus Metall?
Honig,der,add English meaning,Ich esse gern Brötchen mit Honig und Butter zum Frühstück.
hören,,add English meaning,Ich kann nicht mehr so gut hören.
Hörer,der,add English meaning,Der Hörer ist ein nützliches Wort.
ideal,,add English meaning,Eine Wohnung mit Garten wäre für uns ideal.
Hörerin,die,add English meaning,Die Hörerin ist heute wichtig.
Zuhörer,der,add English meaning,Der Zuhörer steht auf meiner Liste.
Hose,die,add English meaning,Können Sie die Hose etwas kürzer machen?
Idee,die,add English meaning,Du willst ein Picknick machen? Ich finde die Idee toll.
Hotel,das,add English meaning,Im Urlaub sind wir in einem Hotel am Meer.
illegal,,add English meaning,"Ohne Steuerkarte zu arbeiten ist illegal. Wenn es herauskommt, musst du Strafe zahlen."
hübsch,,add English meaning,Wir haben eine hübsche Wohnung gefunden.
Imbiss,der,add English meaning,A: Es ist Zeit für einen kleinen Imbiss.
Hügel,der,add English meaning,"Wir mögen Paul, weil er so viel Humor hat."
Hunger,der,add English meaning,"Möchtest du Suppe? – Nein danke, ich habe keinen Hunger."
hungrig,,add English meaning,Ich bin sehr hungrig.
hupen,,add English meaning,Hier ist ein Krankenhaus. Hier darfst du nicht hupen.
husten,,add English meaning,Der Junge hat die ganze Nacht gehustet.
Husten,der,add English meaning,Haben Sie ein Medikament gegen Husten?
Hut,der,add English meaning,Sie sollten im Sommer nicht ohne Hut in die Sonne gehen.
Hütte,die,add English meaning,Wir übernachten in der Hütte auf dem Berg.
immer,,add English meaning,Frau Bast kommt immer zu spät.
Import,der,add English meaning,"Im dritten Stock ist die Firma Schmidt & Co, Import und Export."
in,,add English meaning,Ich wohne in Frankfurt.
indem,,add English meaning,"Du kannst die Datei öffnen, indem du hier klickst."
individuell,,add English meaning,"Die Lehrerin versucht, jedes Kind individuell zu fördern."
Industrie,die,add English meaning,In dieser Gegend gibt es viel Industrie.
Infektion,die,add English meaning,Sie haben eine Infektion. Sie müssen Tabletten nehmen.
informieren,,add English meaning,Wir informieren Sie rechtzeitig über die neuen Prüfungstermine.
Information,die,add English meaning,Bitte lesen Sie diese Informationen genau.
Ingenieur,der,add English meaning,Hans will Bauingenieur werden.
Inhalt,der,add English meaning,Geben Sie den Inhalt der Packung in einen Liter kochendes Wasser.
inklusive,,add English meaning,Der Zimmerpreis ist inklusive Frühstück.
innen,,add English meaning,Der Lichtschalter ist innen links.
innerinnerhalb,,add English meaning,Ich wiederhole heute 'innerinnerhalb'.
Insel,die,add English meaning,Ich würde dieses Mal gern auf einer Insel Ferien machen.
Inserat,das,add English meaning,Was kostet ein Inserat in der Zeitung?
insgesamt,,add English meaning,Insgesamt haben sich 20 Teilnehmer für die Prüfung angemeldet.
installieren,,add English meaning,"Können Sie mir helfen, meinen Computer zu installieren?"
Institut,das,add English meaning,Ich besuche einen Sprachkurs in einem kleinen Sprachinstitut.
Instrument,das,add English meaning,Ich spiele Klavier. Spielen Sie auch ein Musikinstrument?
integrieren,,add English meaning,Sie ist schon sehr gut im Team integriert.
Integration,die,add English meaning,Gute Deutschkenntnisse sollen bei der Integration helfen.
intelligent,,add English meaning,Maria ist sehr intelligent. Sie kann sehr gut rechnen.
Intelligenz,die,add English meaning,Meine Kinder haben in der Schule einen Intelligenztest gemacht.
intensiv,,add English meaning,Ich möchte intensiv Deutsch lernen.
Intensivkurs,der,add English meaning,Der Intensivkurs findet täglich von 9 bis 12 Uhr statt.
interessieren,,add English meaning,Das Thema Kindererziehung interessiert mich sehr.
interessant,,add English meaning,Ich habe einen interessanten Bericht gelesen.
Interesse,das,add English meaning,Das Interesse passt gut zu diesem Thema.
interessiert,,add English meaning,Mein Nachbar zieht nächsten Monat aus. Sind Sie noch an der Wohnung interessiert?
interkulturell,,add English meaning,Wir haben in der Sprachschule ein interkulturelles Fest gefeiert.
international,,add English meaning,'international' kommt in vielen Texten vor.
Interview,das,add English meaning,Ich habe im Fernsehen ein interessantes Interview mit zwei Schauspielern gesehen.
inzwischen,,add English meaning,Herr Müller kommt gleich zurück. Sie können inzwischen in seinem Büro warten.
ja,,add English meaning,Sind Sie verheiratet? – Ja.
irgendirgendein,,add English meaning,Ich kann 'irgendirgendein' in einem Satz benutzen.
irgendwann,,add English meaning,'irgendwann' kommt in vielen Texten vor.
Jacke,die,add English meaning,Zieh dir eine Jacke an. Es ist kalt.
irrte sich,,add English meaning,Ich wiederhole heute 'irrte sich'.
je,,add English meaning,Die Pullover kosten je nach Qualität zwischen 40 und 60 Euro.
je … desto …,,add English meaning,Ich kann 'je … desto …' in einem Satz benutzen.
Jeans,die,add English meaning,Nicht nur junge Leute tragen Jeans.
jeder,,add English meaning,Das Restaurant hat jeden Tag geöffnet.
jederzeit,,add English meaning,Sie können mich jederzeit anrufen.
jedes Mal,,add English meaning,Inge erzählt die Geschichte jedes Mal anders.
jedoch,,add English meaning,"Sie ruft immer wieder an, jedoch ohne Erfolg."
jemals,,add English meaning,"Hast du jemals von dem Problem gehört? – Nein, nie."
jemand,,add English meaning,Hat jemand einen Bleistift für mich?
jetzt,,add English meaning,Ich muss jetzt gehen.
jeweils,,add English meaning,Der Kurs findet jeweils montags und donnerstags um 18 Uhr statt.
Journalist,der,add English meaning,Der Journalist steht auf meiner Liste.
Journalistin,die,add English meaning,Die Journalistin kommt in der Prüfung vor.
Jugend,die,add English meaning,In meiner Jugend habe ich mich sehr für Musik interessiert.
Jugendliche,der,add English meaning,Der Jugendliche passt gut zu diesem Thema.
Jugendliche,die,add English meaning,Disko. Der Eintritt ist für Kinder und Jugendliche bis 16 Jahre frei.
Jugendherberge,die,add English meaning,Wo habt ihr übernachtet? – In einer Jugendherberge.
jung,,add English meaning,Für diesen Film bist du noch zu jung.
Junge,der,add English meaning,", CH: In der Schulklasse sind 15 Jungen und 10 Mädchen."
Kabel,das,add English meaning,Wo ist das Kabel für das Aufnahmegerät?
Kaffee,der,add English meaning,Bring bitte noch eine Packung Kaffee mit.
Kaffeehaus,das,add English meaning,Hier in der Nähe ist ein Kaffeehaus. Lass uns einen Kaffee trinken.
Kakao,der,add English meaning,Zum Frühstück trinke ich immer einen Kakao.
Kalender,der,add English meaning,Ich habe den Termin in meinem Kalender notiert.
Kälte,die,add English meaning,Die Kälte passt gut zu diesem Thema.
Kamera,die,add English meaning,Ich habe eine ganz neue Kamera.
kämpfen,,add English meaning,Die Frauen kämpfen für mehr Rechte.
Kampf,der,add English meaning,¨-e Im Schulbus gibt es immer einen Kampf um die Sitzplätze. Mit Kabel bekommen Sie über 30 Fernsehkanäle.
Kanal,der,add English meaning,Der Kanal ist ein nützliches Wort.
Kandidat,der,add English meaning,Wie viele Kandidaten kommen zur Prüfung?
Kanne,die,add English meaning,"Das ist aber eine schöne Teekanne. – Ja, die ist aus China."
Kantine,die,add English meaning,In unserer Kantine kann man günstig essen.
Kapitel,das,add English meaning,Das Kapitel kommt in der Prüfung vor.
kaputt,,add English meaning,Unsere Waschmaschine ist kaputt.
kaputtgehen,,add English meaning,Pass bitte mit diesem Glas auf. Es geht leicht kaputt.
kaputtmachen,,add English meaning,Wer hat die Lampe kaputtgemacht?
Karneval,der,add English meaning,Dort hängt mein Kostüm für den Karnevals(um)zug.
Karotte,die,add English meaning,Hasen fressen gern Karotten.
Karriere,die,add English meaning,Mein Bruder hat große Pläne. Er will Karriere machen.
Karte,die,add English meaning,Schreibst du mir eine Karte aus dem Urlaub?
Chipkarte,die,add English meaning,Ich habe eine Chipkarte für diesen Automaten.
Fahrkarte,die,add English meaning,CH: Fahrkarten können Sie am Schalter t kaufen.
dapfel,,add English meaning,'dapfel' kommt in vielen Texten vor.
Käse,der,add English meaning,Möchtest du Käse aufs Brot?
Kasse,die,add English meaning,Zahlen Sie bitte an der Kasse.
Kassette,die,add English meaning,Meine Eltern besitzen noch viele Musikkassetten.
Kasten,der,add English meaning,Kiste Ich habe zwei Kästen Bier gekauft.
Katalog,der,add English meaning,Ich habe mir ein Kleid aus dem Katalog bestellt.
Katastrophe,die,add English meaning,Im Supermarkt kauft man sehr günstig ein.
Kauf,der,add English meaning,Der neue Esstisch war ein guter Kauf.
Käufer,der,add English meaning,Der Käufer ist heute wichtig.
kaum,,add English meaning,Ich kann 'kaum' in einem Satz benutzen.
keinder Keller,,add English meaning,Ich habe leider heute keine Zeit.
kennen,,add English meaning,Kennen Sie hier in der Nähe ein gemütliches Café?
kennenlernen,,add English meaning,Wo habt ihr euch kennengelernt?
Kenntnisse,die,add English meaning,In vielen Berufen braucht man heute Sprachkenntnisse.
Kennzeichen,das,add English meaning,Das Auto hat ein Schweizer Kennzeichen. Für den Geburtstagstisch brauchen wir viele Blumen und Kerzen.
Kette,die,add English meaning,Ich habe zum Geburtstag eine goldene Kette bekommen.
Kind,das,add English meaning,Mein Bruder hat zwei Kinder.
Kindergarten,der,add English meaning,", ¨Morgens bringe ich meinen Sohn in den Kindergarten."
Kino,das,add English meaning,Wollen wir ins Kino gehen?
Kiosk,der,add English meaning,Zeitungen bekommst du am Kiosk.
Kirche,die,add English meaning,Diese Kirche ist aus dem Jahrhundert.
Kiste,die,add English meaning,D: Ich habe zwei Kisten Bier gekauft.
Kissen,das,add English meaning,Ohne Kopfkissen kann ich nicht schlafen. Sie klagt über Kopfschmerzen.
klappen,,add English meaning,Wie war die Reise? – Gut. Es hat alles prima geklappt.
klar,,add English meaning,"Sie müssen noch mehr Deutsch lernen. – Ja, das ist mir klar."
klären,,add English meaning,"Ich hoffe, wir können dieses Problem bald klären."
klasse,,add English meaning,Ich finde unseren Lehrer klasse.
Klasse,die,add English meaning,In der Klasse sind 24 Schülerinnen und Schüler.
Klassenarbeit,die,add English meaning,Mein Sohn schreibt bei Klassenarbeiten immer gute Noten.
Klavier,das,add English meaning,Meine Tochter möchte Klavier spielen lernen.
kleben,,add English meaning,Die Briefmarke klebt nicht mehr.
Kleid,das,add English meaning,Ich habe mir ein neues Kleid gekauft.
Kleidung,die,add English meaning,Hier brauchen Sie auch im Sommer warme Kleidung.
klein,,add English meaning,Unsere Wohnung ist klein.
klettern,,add English meaning,Die Kinder sind auf den Baum geklettert.
klicken,,add English meaning,"Wenn du die Datei öffnen willst, musst du mit der Maus zweimal klicken."
Klick,der,add English meaning,"Um das Wort zu markieren, genügt ein Doppelklick mit der linken Maustaste."
Klima,das,add English meaning,"Alle sagen, dass sich das Klima ändert."
Klimaanlage,die,add English meaning,Im Sommer brauchen wir eine Klimaanlage.
klingeln,,add English meaning,"Ich glaube, es hat an der Tür geklingelt."
Klingel,die,add English meaning,Die Klingel kommt in der Prüfung vor.
klingen,,add English meaning,"Wollen wir einkaufen gehen und danach zusammen kochen? – Ja, das klingt gut."
Klinik,die,add English meaning,"Ich muss in die Klinik, um meinen kranken Onkel zu besuchen."
klopfen,,add English meaning,Da klopft jemand ans Fenster.
Kloß,der,add English meaning,"D, A: Möchten Sie zum Fleisch Kartoffeln oder Klöße? – Klöße, bitte."
klug,,add English meaning,Ich halte sie für klug.
knapp,,add English meaning,Mach schnell. Die Zeit ist knapp.
Kneipe,die,add English meaning,Gehen wir noch in eine Kneipe ein Bier trinken?
Knie,das,add English meaning,Ich habe mich am Knie verletzt. Jetzt kann ich nicht laufen. Ich bin hingefallen. Jetzt tun mir alle Knochen weh. D: Möchten Sie zum Fleisch Erdäpfel oder Knödel? – Knödel bitte.
Knödel,der,add English meaning,Der Knödel steht auf meiner Liste.
Knopf,der,add English meaning,An meiner Jacke fehlt ein Knopf.
kochen,,add English meaning,Dieses Wort heißt 'kochen'.
Koch,der,add English meaning,Der Koch passt gut zu diesem Thema.
Köchin,die,add English meaning,Die Köchin ist heute wichtig.
Koffer,der,add English meaning,Der Koffer steht auf meiner Liste.
Kollegin,die,add English meaning,Die Kollegin kommt in der Prüfung vor.
komisch,,add English meaning,Das Essen schmeckt komisch. Probier mal.
kommen,,add English meaning,Woher kommen Sie? – Aus Frankreich.
Kommunikation,die,add English meaning,Die Kommunikation zwischen den Abteilungen ist gut.
komplett,,add English meaning,Ich habe den Termin komplett vergessen.
kompliziert,,add English meaning,Er schreibt viel zu kompliziert.
Kompromiss,der,add English meaning,Alle wollen etwas anderes. Wir müssen einen Kompromiss finden.
Konferenz,die,add English meaning,Die Konferenz findet in Raum 19 statt.
Konfitüre,die,add English meaning,Bring bitte noch ein Glas Konfitüre mit.
Konflikt,der,add English meaning,Das ist ein alter Konflikt.
König,der,add English meaning,Der spanische König ist in Deutschland zu Besuch.
Konkurrenz,die,add English meaning,Die Reparatur ist mir hier zu teuer. Bei der Konkurrenz bekomme ich sie für die Hälfte.
können,,add English meaning,Ich kann den schweren Koffer nicht tragen.
Konsulat,das,add English meaning,Ein Visum bekommst du auch im Konsulat.
konsumieren,,add English meaning,Die Europäer haben im letzten Jahr mehr Fleisch konsumiert.
Konsum,der,add English meaning,Der Konsum kommt in der Prüfung vor.
Kontakt,der,add English meaning,Ich habe wenig Kontakt zu meinen Kollegen.
Konto,das,add English meaning,Ich möchte ein Konto eröffnen.
Girokonto,das,add English meaning,Das Girokonto ist heute wichtig.
kontrollieren,,add English meaning,Das Verb 'kontrollieren' ist wichtig.
Kontrolle,die,add English meaning,An den Grenzen gibt es kaum noch Kontrollen.
sich konzentrieren,,add English meaning,Bitte stör mich jetzt nicht. Ich muss mich auf meine Arbeit konzentrieren.
Konzert,das,add English meaning,Für das Konzert am Sonntag gibt es noch Karten.
Kopf,der,add English meaning,Ich habe Kopfschmerzen.
kopieren,,add English meaning,Kann ich mir diesen Artikel kopieren?
Kopie,die,add English meaning,Die Kopie kommt in der Prüfung vor.
Kopierer,der,add English meaning,Der Kopierer ist ein nützliches Wort.
korrekt,,add English meaning,Ich habe die Rechnung geprüft. Alles ist korrekt.
korrigieren,,add English meaning,Ich übe das Verb 'korrigieren'.
kosten,,add English meaning,Wie viel kostet das T-Shirt? – 15 Euro.
Kosten,die,add English meaning,Die Kosten für die Reise bekomme ich von der Firma.
kostenlos,,add English meaning,Diese Zeitschrift kostet nichts. Sie ist kostenlos.
probieren,,add English meaning,Haben Sie dieses Waschmittel schon einmal probiert?
Kostüm,das,add English meaning,In dem Film tragen die Leute bunte Kostüme.
Kraft,die,add English meaning,Für diese Arbeit braucht man viel Kraft.
kräftig,,add English meaning,Der Mann ist kräftig. Er macht viel Sport und isst viel.
Kraftfahrzeug,das,add English meaning,Auf dieser Straße sind Kraftfahrzeuge nicht erlaubt.
Kraftwerk,das,add English meaning,Die Menschen protestieren gegen das Kraftwerk.
krank,,add English meaning,Ich war zwei Wochen krank.
Kranke,der,add English meaning,Kranke brauchen viel Ruhe.
Kranke,die,add English meaning,Die Kranke kommt in der Prüfung vor.
Krankenhaus,das,add English meaning,Er hat sich verletzt und musste ins Krankenhaus.
Krankenkasse,die,add English meaning,Die Krankenkasse bezahlt die Medikamente.
Krankenpfleger,der,add English meaning,Mein Bruder arbeitet als Krankenpfleger im Krankenhaus. Meine Cousine möchte gern Krankenschwester werden.
Krankenwagen,der,add English meaning,Gegen welche Krankheiten sollte ich mich impfen lassen?
kreativ,,add English meaning,Die Kinder sind beim Basteln sehr kreativ.
Kredit,der,add English meaning,Ich habe den Wagen auf Kredit gekauft.
Kreditkarte,die,add English meaning,Kann ich mit Kreditkarte zahlen?
Kreis,der,add English meaning,Die Kinder sitzen im Kindergarten im Kreis.
Kreuz,das,add English meaning,Was bedeutet dieses Kreuz hier?
Kreuzung,die,add English meaning,Fahren Sie an der nächsten Kreuzung rechts.
Krieg,der,add English meaning,Es herrscht noch immer Krieg in diesem Land.
kriegen,,add English meaning,Haben Sie meinen Brief gekriegt?
Krimi,der,add English meaning,Heute Abend kommt ein spannender Krimi im Fernsehen.
Krise,die,add English meaning,Die Wirtschaft steckt in einer schweren Krise.
kritisieren,,add English meaning,Kritisiere mich nicht so oft.
Kritik,die,add English meaning,Es gibt viel Kritik an der Politik der Regierung.
kritisch,,add English meaning,Dieses Wort heißt 'kritisch'.
Küche,die,add English meaning,"Ich suche eine Wohnung mit drei Zimmern, Küche und Bad."
Kuchen,der,add English meaning,Ich habe einen Kuchen gebacken. Mein Kugelschreiber ist weg. -s Hast du einen Kuli für mich? Es ist kühl draußen. Zieh dir eine Jacke an.
kühl,,add English meaning,'kühl' kommt in vielen Texten vor.
Kühlschrank,der,add English meaning,Der Kühlschrank ist ein nützliches Wort.
Kultur,die,add English meaning,Ich interessiere mich für andere Länder und Kulturen.
kulturell,,add English meaning,Es gibt große kulturelle Unterschiede zwischen den Ländern.
sich kümmern,,add English meaning,Ich kann nicht arbeiten. Ich muss mich um die Kinder kümmern.
Kunde,der,add English meaning,Der Kunde kommt in der Prüfung vor.
Kundin,die,add English meaning,"habe ihr einen Sonderpreis gegeben. Einen Augenblick, bitte. Ich habe einen Kunden."
kündigen,,add English meaning,Ich war mit meiner Stelle nicht zufrieden und habe gekündigt.
Kündigung,die,add English meaning,Ich habe die Kündigung bekommen. Jetzt bin ich arbeitslos.
Kunst,die,add English meaning,Ich verstehe nichts von moderner Kunst.
Künstler,der,add English meaning,In diesem Stadtteil wohnen viele Künstlerinnen. Neben uns wohnt eine Musikerin.
künstlich,,add English meaning,Ich mag kein künstliches Licht.
Kunststoff,der,add English meaning,Der Stuhl ist aus Kunststoff.
Kurs,der,add English meaning,Ich besuche regelmäßig einen Deutschkurs.
Kursleiter,der,add English meaning,Die Kursleiterin ist mit unserer Kursgruppe manchmal in den Computerraum gegangen.
Kurve,die,add English meaning,Fahr bitte nicht so schnell in die Kurven.
kurz,,add English meaning,Ricardo hat kurze Haare.
kürzlich,,add English meaning,"Wir haben doch kürzlich darüber gesprochen, dass wir am Wochenende wegfahren wollen."
küssen,,add English meaning,Er nahm sie in die Arme und küsste sie.
Kuss,der,add English meaning,Gib der Mama einen Kuss!
Küste,die,add English meaning,Unser Dorf liegt direkt an der Küste.
lächeln,,add English meaning,Schauen Sie in die Kamera. Bitte lächeln!
Kuvert,das,add English meaning,der Ich hätte gern 50 Kuverts und Briefmarken dazu.
lachen,,add English meaning,Lachen ist gesund.
gelacht,,add English meaning,Wir haben viel gelacht. Die Kinder haben über den Witz gelacht.
Laden,der,add English meaning,Dieses Kleid habe ich in einem Laden im Zentrum gekauft.
Lager,das,add English meaning,"Ich weiß nicht, ob wir diesen Schuh in Ihrer Größe haben. Ich sehe mal im Lager nach."
Land,das,add English meaning,Deutschland ist ein schönes Land.
Landwirtschaft,die,add English meaning,Die Landwirtschaft ist heute wichtig.
Landschaft,die,add English meaning,Die Landschaft ist sehr hügelig.
landen,,add English meaning,Ich wiederhole heute 'landen'.
gelandet,,add English meaning,gelandet. Wegen starken Nebels konnte die Maschine nicht in Frankfurt landen.
Landung,die,add English meaning,Bei der Landung müssen Sie sich anschnallen.
lang,,add English meaning,Der Teppich ist 3 m lang und 2 m breit.
Länge,die,add English meaning,"20 m, Breite: 0,85 m, Höhe: 0,75 m."
lange,,add English meaning,Wie lange dauert die Fahrt von Hamburg nach Berlin?
langsam,,add English meaning,Könnten Sie bitte etwas langsamer sprechen?
längst,,add English meaning,Wann reparierst du die Heizung. – Die habe ich schon längst repariert.
langweilig,,add English meaning,Der Film war sehr langweilig.
sich langweilen,,add English meaning,Langweilst du dich?
Langeweile,die,add English meaning,Es ist aus Langeweile eingeschlafen.
Lärm,der,add English meaning,Die Flugzeuge machen einen schrecklichen Lärm.
Laster,der,add English meaning,Auf der Autobahn waren so viele Laster. Deshalb hat es so lange gedauert.
laufen,,add English meaning,"Ich bin gestern 100 m in 10,4 Sekunden gelaufen."
Laufwerk,das,add English meaning,Für meinen Computer habe ich mir ein neues Laufwerk gekauft.
Laune,die,add English meaning,"Heute geht es mir besser, aber gestern hatte ich richtig schlechte Laune."
laut,,add English meaning,Lass uns gehen. Hier ist es mir zu laut.
Lautsprecher,der,add English meaning,Bitte achten Sie auch auf die Lautsprecher-Ansagen am Bahnhof. Das Essen war sehr lecker.
leben,,add English meaning,Leben Ihre Großeltern noch?
gelebt,,add English meaning,Herr Müller hat lange im Ausland gelebt. Von der Rente allein kann meine Tante nicht leben. Ich lebe noch bei meinen Eltern.
Leben,das,add English meaning,Das Leben kommt in der Prüfung vor.
Lebenslauf,der,add English meaning,Lebensmittel werden immer teurer.
Lebensmittel,die,add English meaning,Die Lebensmittel passt gut zu diesem Thema.
Leder,das,add English meaning,Ist die Tasche aus Leder?
ledig,,add English meaning,Wie ist Ihr Familienstand? – Ledig.
leer,,add English meaning,Das Restaurant war fast leer.
legen,,add English meaning,'legen' kommt in vielen Texten vor.
gelegt,,add English meaning,Schreibtisch gelegt. Legen Sie die Zeitungen bitte dort ins Regal.
Lehre,die,add English meaning,Mein Cousin will eine dreijährige Lehre machen.
Lehrstelle,die,add English meaning,Die Lehrstelle steht auf meiner Liste.
Lehrer,der,add English meaning,Die Lehrerin hat heute viele Hausaufgaben gegeben.
Lehrling,der,add English meaning,Als Lehrling verdient man nicht sehr viel Geld.
leicht,,add English meaning,Der Koffer ist ganz leicht. Ich kann ihn allein tragen.
leid tun,,add English meaning,Die Frau tut mir leid.
leiden,,add English meaning,Er leidet an einer schweren Krankheit.
leider,,add English meaning,Da kann ich Ihnen leider nicht helfen.
leihen,,add English meaning,Ich habe mir von meinem Bruder 50 Euro geliehen.
leise,,add English meaning,Seid leise. Die anderen schlafen schon.
leisten,,add English meaning,So ein teures Auto kann ich mir leider nicht leisten.
Leistung,die,add English meaning,Meine Leistungen in der Schule sind ganz gut.
leiten,,add English meaning,Wer leitet den Kurs?
Leiter,der,add English meaning,Wie heißt die Leiterin der Schule?
Leitung,die,add English meaning,Ab Juli übernimmt Herr Meier die Leitung der Abteilung.
Leiter,die,add English meaning,Haben Sie eine Leiter für mich? Ich will die Fenster putzen.
lernen,,add English meaning,Wie lange lernen Sie schon Deutsch?
gelernt,,add English meaning,'gelernt' kommt in vielen Texten vor.
Lerner,der,add English meaning,Der Lerner ist ein nützliches Wort.
lesen,,add English meaning,"Ich habe gelesen, dass es ab heute Sonderangebote gibt."
Leser,der,add English meaning,Der Leser ist heute wichtig.
letztdie Leute,,add English meaning,Was hast du letzte Woche gemacht?
Lexikon,das,add English meaning,Wir könnten im Lexikon nachsehen.
Licht,das,add English meaning,Kannst du bitte Licht machen? Ich kann so nichts sehen.
lieben,,add English meaning,Ich liebe meine Familie.
lieb,,add English meaning,Die Kinder waren heute sehr lieb.
Liebe Lieblingsdas Lied,die,add English meaning,Die Liebe Lieblingsdas Lied steht auf meiner Liste.
liefern,,add English meaning,Ich wiederhole heute 'liefern'.
geliefert,,add English meaning,Dieses Wort heißt 'geliefert'.
Lieferung,die,add English meaning,Die Lieferung passt gut zu diesem Thema.
liegen,,add English meaning,Der Brief liegt schon auf Ihrem Schreibtisch.
Lift,der,add English meaning,Aufzug Im Büro ist leider der Lift kaputt.
Limonade,die,add English meaning,Die Limonade ist sehr süß.
Linie,die,add English meaning,Zum Hauptbahnhof können Sie mit der Linie 8 fahren.
links,,add English meaning,An der Kreuzung müssen Sie nach links abbiegen.
Lippe,die,add English meaning,Es ist sehr kalt. Meine Lippen sind ganz trocken.
Liste,die,add English meaning,Was brauchen wir für die Party? – Mach doch eine Einkaufsliste.
Literatur,die,add English meaning,Ich interessiere mich für Literatur.
loben,,add English meaning,Ich habe alle Hausaufgaben gemacht. Der Lehrer hat mich heute gelobt.
Loch,das,add English meaning,Ich habe ein Loch im Zahn. Ich muss zum Zahnarzt.
locker,,add English meaning,Lassen Sie bitte die Arme ganz locker und atmen Sie tief ein.
Löffel,der,add English meaning,Sie bekommen Ihren Lohn immer am Ende des Monats.
sich lohnen,,add English meaning,Für drei Tage zu meinen Eltern fahren lohnt sich nicht. Es ist zu weit.
Lokal,das,add English meaning,Gibt es hier in der Nähe ein gemütliches Lokal?
los/loslosfahren,,add English meaning,Dieses Wort heißt 'los'.
löschen,,add English meaning,Du kannst die Datei löschen. Ich brauche sie nicht mehr.
lösen,,add English meaning,Wir müssen dieses Problem lösen.
Lösung,die,add English meaning,Wir fahren alle zusammen mit dem Zug. Das ist die beste Lösung.
Luft,die,add English meaning,"Oh, hier ist aber schlechte Luft."
machen,,add English meaning,Was machst du am Wochenende?
lügen,,add English meaning,Du sollst nicht lügen.
Magazin,das,add English meaning,Das Magazin steht auf meiner Liste.
Lüge,die,add English meaning,Die Lüge kommt in der Prüfung vor.
Magen,der,add English meaning,Mit tut der Magen weh. Ich habe Magenschmerzen. Bitte 1 kg mageres Fleisch.
mager,,add English meaning,Ich wiederhole heute 'mager'.
lustig,,add English meaning,Ich habe einen lustigen Film gesehen.
Mahlzeit,die,add English meaning,Die Tropfen bitte immer nach den Mahlzeiten einnehmen.
Mahnung,die,add English meaning,Die Mahnung kommt in der Prüfung vor.
mal,,add English meaning,Dieses Wort heißt 'mal'.
Mal,das,add English meaning,Das machen wir nächstes Mal.
malen,,add English meaning,Das Bild hat mein Vater gemalt.
Maler,der,add English meaning,Wir haben die Maler im Haus. Wir lassen die Wände neu streichen.
man,,add English meaning,Wie schreibt man das?
manchmanchmal,,add English meaning,Manche Nachbarn sind unfreundlich.
Mangel,der,add English meaning,In dieser Stadt gibt es einen großen Mangel an Wohnungen.
männlich,,add English meaning,Kreuzen Sie bitte an: „weiblich“ oder „männlich“.
Mannschaft,die,add English meaning,Unsere Mannschaft hat 0:1 verloren.
Mantel,der,add English meaning,Es ist sehr kalt. Zieh deinen Mantel an. Mein Pass ist in dieser Mappe.
Märchen,das,add English meaning,Meine Großmutter hat uns viele Märchen erzählt. Meine Frau isst nur Margarine und keine Butter.
Marille,die,add English meaning,"D, CH: Schmecken dir die Marillen?"
Marke,die,add English meaning,Ich brauche bitte fünf Briefmarken zu 1 Euro.
markieren,,add English meaning,Hier ist unser Hotel. Ich markiere Ihnen auf dem Plan den Weg zum Bahnhof.
Markt,der,add English meaning,Ich gehe heute auf den Markt.
Marmelade,die,add English meaning,Bring bitte noch ein Glas Marmelade mit.
Maschine,die,add English meaning,Ich habe eine neue Kaffeemaschine.
Material,das,add English meaning,Aus welchem Material ist der Schrank? – Aus Holz.
Matura,die,add English meaning,D: Meine Tocher hat gerade die Matura gemacht.
Mauer,die,add English meaning,Die Kinder sind über die Mauer geklettert.
maximal,,add English meaning,Wie lange braucht ein Brief? – Maximal zwei Tage.
Mechaniker,der,add English meaning,Das kann nur ein Mechaniker reparieren.
Medien,die,add English meaning,Umweltschutz ist in den Medien ein großes Thema.
Medikament,das,add English meaning,Dieses Medikament gibt es nur auf Rezept.
Medizin,die,add English meaning,Du musst noch deine Medizin nehmen.
Meer,das,add English meaning,Wir machen immer Urlaub am Meer.
Mehl,das,add English meaning,Ich möchte einen Kuchen backen. Ist noch genug Mehl da?
mehr,,add English meaning,Ich habe diesmal mehr gelernt als bei der letzten Prüfung.
mehrere,,add English meaning,Ich kann 'mehrere' in einem Satz benutzen.
Mehrheit,die,add English meaning,Die Mehrheit der Menschen in Deutschland besitzt ein Handy.
Mehrwertsteuer,die,add English meaning,Die Mehrwertsteuer bei diesem Produkt beträgt 20 %.
meinen,,add English meaning,Dieser Film ist gut. Was meinst du?
meinetwegen,,add English meaning,Meinetwegen kannst du heute das Auto haben.
Meinung,die,add English meaning,"Ich bin der Meinung, dass du recht hast."
meist,,add English meaning,Wie gut kannst du Deutsch? – Das Meiste verstehe ich.
Meister,der,add English meaning,"Ich weiß nicht, wie man das macht. – Dann frag doch den Meister."
Meldung,die,add English meaning,Hast du die Meldung im Radio gehört? Es wird starken Sturm geben.
Menge,die,add English meaning,"Diesen Preis gibt es nur, wenn Sie große Mengen kaufen."
Mensa,die,add English meaning,Ich esse fast jeden Tag in der Mensa.
Mensch,der,add English meaning,Die Menschen sind hier ein bisschen anders als im Süden.
menschlich,,add English meaning,Fehler zu machen ist menschlich.
Menü,das,add English meaning,"Nimm doch das Menü, das sieht gut aus."
merken,,add English meaning,"Ich habe nicht gemerkt, dass es schon so spät ist. Ich muss gehen."
merkwürdig,,add English meaning,Das ist eine merkwürdige Geschichte.
Messe,die,add English meaning,Kommst du mit zur Automobilmesse?
messen,,add English meaning,Haben Sie schon Fieber gemessen?
Messer,das,add English meaning,Das Messer schneidet nicht gut. Dieser Tisch hier ist ganz aus Metall.
Methode,die,add English meaning,"Weißt du eine gute Methode, um schnell gut Deutsch zu lernen?"
Metropole,die,add English meaning,Berlin und Wien sind Metropolen.
mieten,,add English meaning,Wir haben die Wohnung für drei Jahre gemietet.
Miete,die,add English meaning,Unsere Miete ist sehr hoch.
Mieter,der,add English meaning,Der Mieter passt gut zu diesem Thema.
Migrant,der,add English meaning,Der Migrant ist heute wichtig.
Migrantin,die,add English meaning,Die Migrantin steht auf meiner Liste.
Migration,die,add English meaning,Gestern gab es im Fernsehen eine Diskussion zum Thema Migration.
Milch,die,add English meaning,Stellst du bitte die Milch in den Kühlschrank?
mild,,add English meaning,"Möchten Sie die Soße scharf? – Nein, bitte ganz mild."
Minderheit,die,add English meaning,Frauen sind in unserer Firma in der Minderheit.
mindestens,,add English meaning,Ein guter Fernsehapparat kostet mindestens 500 Euro.
Mineralwasser,das,add English meaning,Kann ich bitte ein Mineralwasser haben?
minimal,,add English meaning,Da ist nur ein minimaler Unterschied.
mischen,,add English meaning,Ich möchte ein gemischtes Eis mit Sahne.
miss,,add English meaning,Die Konferenz war ein Misserfolg.
mit,,add English meaning,Ich gehe heute Abend mit Maria aus.
Mitarbeiter,der,add English meaning,Unsere Firma hat sieben Mitarbeiter.
miteinander,,add English meaning,Sprechen Sie bitte miteinander.
Mitglied,das,add English meaning,Für Mitglieder ist der Eintritt zum Konzert gratis.
Mitte,die,add English meaning,Wo möchten Sie sitzen? – In der Mitte.
mitteilen,,add English meaning,Den Prüfungstermin teilen wir Ihnen noch mit.
Mittel,das,add English meaning,Haben Sie ein Mittel gegen Magenschmerzen?
mittlermittlerweile,,add English meaning,In den mittleren Reihen sind noch Plätze frei. Am Anfang war die Arbeit schwer. Mittlerweile habe ich mich daran gewöhnt.
Möbel,das,add English meaning,Wir haben uns neue Möbel gekauft. Ich suche ein möbliertes Zimmer.
möchten,,add English meaning,Möchtest du auch einen Kaffee?
mobil/mobildie Mobilbox,,add English meaning,Mit dem Fahrrad bin ich in der Stadt sehr mobil. Ich habe zwei Nachrichten auf meiner Mobilbox.
Mobilität,die,add English meaning,Sprachen zu lernen fördert die Mobilität.
Mobiltelefon,das,add English meaning,Wie findest du die neue Mode?
Mode,die,add English meaning,Die Mode passt gut zu diesem Thema.
Modell,das,add English meaning,Wie findest du dieses Auto? – Dieses Modell gefällt mir nicht.
modern,,add English meaning,Die Wohnung ist modern eingerichtet.
mögen,,add English meaning,Ich mag keinen Reis.
möglich,,add English meaning,Kann ich bitte sofort einen Termin haben? – Das ist leider nicht möglich.
Möglichkeit,die,add English meaning,"Sagen Sie mir bitte möglichst bald, ob Ihnen der Termin passt."
möglichst,,add English meaning,Das Wort 'möglichst' ist im Alltag nützlich.
Moment,der,add English meaning,Warten Sie bitte einen Moment.
Mond,der,add English meaning,Bei Vollmond kann ich nicht schlafen.
Monitor,der,add English meaning,Ich habe mir einen größeren Monitor gekauft. Das ist besser für meine Augen.
Motor,der,add English meaning,Der Motor ist kaputt. Das Auto fährt nicht mehr.
Motorrad,das,add English meaning,Oskar fährt jeden Tag mit dem Motorrad zur Arbeit.
müde,,add English meaning,Ich bin müde. Ich gehe schlafen.
Mühe,die,add English meaning,Vielen Dank für Ihre Mühe.
Müll,der,add English meaning,Bringst du bitte noch den Müllsack raus?
Müllabfuhr,die,add English meaning,Die Müllabfuhr passt gut zu diesem Thema.
Mülltonne,die,add English meaning,Die Mülltonne ist voll.
Mund,der,add English meaning,Sie haben Halsschmerzen? Bitte machen Sie mal den Mund auf.
mündlich,,add English meaning,Die mündliche Prüfung ist erst nächste Woche.
Münze,die,add English meaning,Der Automat nimmt nur Münzen.
Museum,das,add English meaning,Wir waren mit unserer Klasse im Museum.
Musik,die,add English meaning,Wie findest du die Musik?
musikalisch,,add English meaning,"Sie ist sehr musikalisch: Sie spielt Klavier, Flöte und Geige."
Musiker,der,add English meaning,Mein Bruder möchte Musiker werden.
Muskel,der,add English meaning,Im Fitness-Studio trainieren wir unsere Muskeln.
nach,,add English meaning,du im Wörterbuch nachschlagen.
Nachbar,der,add English meaning,Meine neue Nachbarin ist sehr nett.
Nachbarin,die,add English meaning,Die Nachbarin steht auf meiner Liste.
Müesli/Müsli,das,add English meaning,Wie lange müssen Sie arbeiten?
Mut,der,add English meaning,"Man braucht viel Mut, um in einem fremden Land ganz neu anzufangen."
mutig,,add English meaning,"Es war sehr mutig von dir, deine Meinung laut zu sagen."
Mutter,die,add English meaning,Meine Mutter heißt Klara.
nachdem,,add English meaning,"Nachdem wir gegessen hatten, sind wir spazieren gegangen."
nachdenken,,add English meaning,"Ich weiß nicht, was ich machen soll. Ich muss nachdenken."
Nachfrage,die,add English meaning,Die Nachfrage für dieses Produkt ist groß.
nachher,,add English meaning,Ich rufe nachher nochmal an.
Nachhilfe,die,add English meaning,Der Schüler braucht Nachhilfe in Mathematik.
Nachricht,die,add English meaning,Ich habe eine gute Nachricht für Sie. Sie haben die Prüfung bestanden.
nachschlagen,,add English meaning,Ich wiederhole heute 'nachschlagen'.
Nachspeise,die,add English meaning,Die Nachspeise ist ein nützliches Wort.
nächstder Nachteil,,add English meaning,Wo ist hier die nächste Apotheke?
Nachwuchs,der,add English meaning,Der Nachwuchs bei Forschern soll gefördert werden.
Nadel,die,add English meaning,Hast du eine Nadel für mich? Ich muss einen Knopf annähen.
Nagel,der,add English meaning,Kannst du mir den Nagel in die Wand schlagen?
Nähe,die,add English meaning,Die Post ist ganz in der Nähe vom Bahnhof.
nähen,,add English meaning,Meine Mutter näht ihre Kleider selbst.
genäht,,add English meaning,Wir müssen die Wunde nähen.
sich nähern,,add English meaning,Ich übe das reflexive Verb 'nähern'.
Nahrungsmittel,das,add English meaning,Das Nahrungsmittel kommt in der Prüfung vor.
Familienname,der,add English meaning,Ludin ist mein Familienname.
Vorname,der,add English meaning,Mein Vorname ist Thomas.
nämlich,,add English meaning,Ich muss leider gehen. Ich habe nämlich noch einen Termin beim Zahnarzt.
Nase,die,add English meaning,Haben Sie Nasentropfen? Ich bin stark erkältet.
nass,,add English meaning,Es hat schrecklich geregnet. Ich bin ganz nass geworden.
national/nationaldie Natur,,add English meaning,Das ist ein nationaler Wettbewerb.
natürlich,,add English meaning,Natürlich helfen wir dir.
Nebel,der,add English meaning,Wegen Nebels konnten wir gestern nicht in Frankfurt landen.
neben,,add English meaning,Neben mir ist noch ein Platz frei.
nebenan,,add English meaning,"Das ist José, er wohnt nebenan."
nebenbei,,add English meaning,Mein Freund studiert Geschichte. Und nebenbei arbeitet er in einer Kneipe.
Neffe,der,add English meaning,Meine Schwester hat zwei Kinder. Meine Neffen sind drei und fünf Jahre alt.
negativ,,add English meaning,Du solltest nicht alles negativ sehen.
nehmen,,add English meaning,Was möchten Sie? – Ich nehme einen Salat.
nein,,add English meaning,"Noch ein Bier? – Nein, danke."
nennen,,add English meaning,"Mein Freund heißt Alexander, aber alle nennen ihn Alex."
Nerv,der,add English meaning,Er leidet an einer Nervenkrankheit.
nervös,,add English meaning,Das Warten macht mich ganz nervös.
nett,,add English meaning,Die Leute sind hier sehr nett.
Netz,das,add English meaning,Bitte bring ein Netz Orangen.
Netzwerk,das,add English meaning,Soziale Netzwerke sind wichtig.
neu,,add English meaning,Mein Wagen ist noch ganz neu.
Neuigkeit,die,add English meaning,In dieser Sache gibt es keine Neuigkeiten.
neugierig,,add English meaning,Die Nachbarn sind ziemlich neugierig.
neulich,,add English meaning,Ich war neulich bei der Bank und habe einen alten Freund getroffen.
nicht,,add English meaning,"Zigarette? Danke, ich rauche nicht."
Nichte,die,add English meaning,Die Tasche ist ein Geschenk von meiner Nichte.
Nichtraucher,der,add English meaning,In unserer Familie sind alle en Nichtraucher.
nichts,,add English meaning,Ich habe noch nichts gegessen.
nie,,add English meaning,Der Chef ist nie da.
niedrig,,add English meaning,Die Räume hier sind mir zu niedrig.
niemand,,add English meaning,Ich habe geklingelt. Aber es war niemand zu Hause.
nirgends,,add English meaning,Ich kann die Quittung nirgends finden.
nirgendwo,,add English meaning,Die Schlüssel kann ich nirgendwo finden.
noch,,add English meaning,Mein Bruder geht noch zur Schule.
noch mal,,add English meaning,Vielen Dank nochmal.
nochmals,,add English meaning,Nochmals vielen Dank!
normal,,add English meaning,Fehler zu machen ist doch ganz normal.
normalerweise Notdie Notaufnahme,,add English meaning,Wann haben Sie normalerweise Pause? Die Notaufnahme ist gleich hier links.
Notausgang,der,add English meaning,Der Notausgang ist gleich hier bei der Treppe.
Notfall,der,add English meaning,Wir haben einen Notfall. Bitte schicken Sie einen Krankenwagen. Im Notfall rufen Sie bitte diese Nummer an.
Notruf,der,add English meaning,Der Notruf passt gut zu diesem Thema.
Note,die,add English meaning,Eva hat immer sehr gute Noten in Mathematik.
notieren,,add English meaning,Ich habe mir den Termin notiert.
nötig,,add English meaning,"Wenn es nötig ist, nehmen Sie noch eine Tablette."
Notiz,die,add English meaning,Ich habe Ihnen eine Notiz geschrieben.
notwendig,,add English meaning,"Muss ich nochmal wiederkommen? – Nein, das ist nicht notwendig."
Nudel,die,add English meaning,Möchten Sie Nudeln oder Reis? – Lieber Nudeln.
Nummer,die,add English meaning,Ich habe mich in der Hausnummer geirrt.
nun,,add English meaning,"Schade, dass du arbeiten musst. – Das ist nun mal so."
nur,,add English meaning,Im Kaufhaus gibt‘s T-Shirts für nur fünf Euro.
nutzen,,add English meaning,Ich möchte das schöne Wetter nutzen und spazieren gehen.
nützen,,add English meaning,Ich übe das Verb 'nützen'.
nützlich,,add English meaning,Das Wort 'nützlich' ist nützlich.
ob,,add English meaning,"Ich weiß noch nicht, ob ich kommen kann."
oben,,add English meaning,Wir wohnen oben im Stock.
oberder Ober,,add English meaning,Die Wohnung im oberen Stockwerk ist vermietet. Ich bin Ober von Beruf.
das/derObers,,add English meaning,Ich hätte gern ein Stück Torte mit CH: (Schlag-)Obers.
Obst Früchte,das,add English meaning,Das Obst Früchte steht auf meiner Liste.
obwohl,,add English meaning,"Obwohl meine Kollegin krank ist, geht sie arbeiten."
oder,,add English meaning,Möchten Sie Kaffee oder Tee?
Ofen,der,add English meaning,Ich habe gerade eine Pizza gemacht. Sie ist ganz frisch aus dem Ofen.
offen,,add English meaning,Das Wort 'offen' ist im Alltag nützlich.
öffentlich,,add English meaning,In der Stadt fahre ich immer mit öffentlichen Verkehrsmitteln.
Öffentlichkeit,die,add English meaning,Von solchen Dingen erfährt die Öffentlichkeit nur selten.
veröffentlichen,,add English meaning,Das Buch wurde gestern veröffentlicht.
offenbar,,add English meaning,Das Restaurant ist heute offenbar geschlossen.
offiziell,,add English meaning,Sie bekommen von uns eine offizielle Einladung.
öffnen,,add English meaning,Wann öffnen die Geschäfte?
oft/öfter,,add English meaning,Ich treffe mich oft mit meiner Freundin.
ohne,,add English meaning,Bitte eine Pizza ohne Zwiebeln.
Ohr,das,add English meaning,Ich habe Ohrenschmerzen.
Öl,das,add English meaning,Es fehlt Öl am Salat.
Oma,die,add English meaning,Meine Oma ist achtzig Jahre alt geworden.
Onkel,der,add English meaning,Nächste Woche fahre ich zu meinem Onkel nach Berlin. Mein Opa heißt Hans.
Oper,die,add English meaning,Die Oper ist ein nützliches Wort.
operieren,,add English meaning,Wir müssen das Knie sofort operieren.
Operation,die,add English meaning,", -en Seit der Operation kann ich mein Knie nicht mehr bewegen."
Opfer,das,add English meaning,"Bei der Schiffskatastrophe gab es viele Opfer. Glaubst du, dass du den Job bekommst. – Ja, ich bin ganz optimistisch."
Orange,die,add English meaning,Ich esse gern Orangen.
Orchester,das,add English meaning,Auf unserer Hochzeit hat ein kleines Orchester gespielt.
Paar,das,add English meaning,Ina und Pedro sind ein Paar.
ordentlich,,add English meaning,Mein Bruder ist ein sehr ordentlicher Mensch.
Ordination,die,add English meaning,Die Ordination bleibt bis zum Jänner geschlossen.
ordnen,,add English meaning,Letztes Wochenende habe ich meine Papiere geordnet.
Ordner,der,add English meaning,Mach mal etwas Ordnung in deinem Zimmer!
organisieren,,add English meaning,Für den nächsten Sommerurlaub habe ich schon alles organisiert.
Organisation,die,add English meaning,Die Organisation des Festes war sehr gut.
Original,das,add English meaning,Das Original ist für Sie. Wir bekommen die Kopie.
original,,add English meaning,Ich muss das originale Dokument abgeben.
Ort,der,add English meaning,Vergessen Sie Ort und Datum nicht.
Vorort,der,add English meaning,Mein Bruder wohnt in einem Vorort von Hamburg.
Wohnort,der,add English meaning,Tragen Sie bitte auch Ihren Wohnort ein.
Ozean,der,add English meaning,Ich komme gleich. Es dauert nur ein paar Minuten.
packen,,add English meaning,Ich muss noch meinen Koffer packen.
Paket,das,add English meaning,Hast du das Paket zur Post gebracht?
Panne,die,add English meaning,Kurz vor München hatten wir eine Panne mit dem Auto.
Papier,das,add English meaning,Hast du ein Blatt Papier für mich?
mate,,add English meaning,Ich kann 'mate' in einem Satz benutzen.
parallel,,add English meaning,Die Goethestraße ist parallel zur Hauptstraße.
Parfüm,das,add English meaning,Zum Geburtstag habe ich von meinem Mann ein Parfüm bekommen.
Park,der,add English meaning,Ich gehe gern im Park spazieren.
parken,,add English meaning,Hier dürfen Sie nicht parken.
geparkt,,add English meaning,CH: Hier ist das Parken verboten.
parkieren,,add English meaning,Hier dürfen Sie nicht parkieren.
Partner,der,add English meaning,Wir haben das Geschäft zusammen. Wir sind Partner.
Party,die,add English meaning,Letzte Woche war ich auf einer Geburtstagsparty.
Pass,der,add English meaning,Ich muss meinen Pass verlängern lassen.
Passagier,der,add English meaning,Der Passagier steht auf meiner Liste.
Passagierin,die,add English meaning,sollen bitte zur Information kommen.
passen,,add English meaning,Der Pullover passt mir nicht mehr.
passieren,,add English meaning,Entschuldigung! – Kein Problem. Es ist nichts passiert.
passiv,,add English meaning,Ich übe das Wort 'passiv'.
Patient,der,add English meaning,Der Patient steht auf meiner Liste.
Patientin,die,add English meaning,möchte bitte einen Termin.
pauschal,,add English meaning,Sie haben die Reise pauschal gebucht.
Pause,die,add English meaning,Wir machen zehn Minuten Pause.
Pech,das,add English meaning,Es regnet. Unser Picknick fällt leider aus. – So ein Pech!
peinlich,,add English meaning,Das muss dir nicht peinlich sein.
Pension,die,add English meaning,Im Urlaub haben wir in einer kleinen Pension gewohnt.
in Pension gehen/sein (D,,add English meaning,'in Pension gehen' kommt in vielen Texten vor.
pensioniert werden/sein,,add English meaning,Ich werde Ende des Jahres pensioniert. ension2. Mein Nachbar ist seit zehn Jahren pensioniert.
gehen/sein,,add English meaning,Das Wort 'gehen' ist im Alltag nützlich.
Pensionist,der,add English meaning,"Meine Großmutter arbeitet nicht mehr. D,Sie ist Pensionistin."
per,,add English meaning,Wie kann ich mich für den Kurs anmelden? – Per Fax oder E-Mail.
perfekt,,add English meaning,Die Reiseorganisation war perfekt.
Perron,der,add English meaning,"D, A:Auf Hauptbahnhöfen gibt es meist viele Perrons."
Person,die,add English meaning,Eintritt pro Person: 2 Euro.
persönlich,,add English meaning,Hier gibt es zu viele Autos. Das ist meine persönliche Meinung.
Personalien,die,add English meaning,Mein Kollege wird Ihre Personalien aufnehmen.
Personenstand Familienstand; CH: Zivilstand,der,add English meaning,Der Personenstand Familienstand; CH: Zivilstand ist ein nützliches Wort.
Personal,das,add English meaning,Dieser Eingang ist nur für das Personal.
Pfanne,die,add English meaning,"D, A:Hast du keine größere Pfanne? Ich möchte Kartoffeln kochen."
Pfeffer,der,add English meaning,Bringen Sie uns bitte Pfeffer und Salz.
pflanzen,,add English meaning,Lass uns einen Baum pflanzen!
Pflanze,die,add English meaning,"-n Wenn wir im Urlaub sind, gießt die Nachbarin unsere Pflanzen. Hast du ein Pflaster? Ich habe mich geschnitten. Ich esse gern Pflaumen und noch lieber Pflaumenkuchen."
Pflaster,das,add English meaning,Das Pflaster passt gut zu diesem Thema.
pflegen,,add English meaning,Meine Mutter ist sehr krank. Ich muss sie pflegen.
Pfleger,der,add English meaning,Der Pfleger steht auf meiner Liste.
Pflicht,die,add English meaning,Als Autofahrer müssen Sie eine Versicherung haben. Das ist Pflicht.
Phantasie/Fantasie,die,add English meaning,Mein Sohn malt sehr gut. Er hat viel Phantasie.
Picknick,das,add English meaning,Am Sonntag machen wir ein Picknick.
Pille,die,add English meaning,Der Arzt hat mir neue Pillen verschrieben.
Pizza,die,add English meaning,Lass uns eine Pizza bestellen!
Plakat,das,add English meaning,Im Unterricht haben wir ein Plakat gemacht.
planen,,add English meaning,"Wir haben geplant, diesmal im Urlaub nach Österreich zu fahren."
Plan,der,add English meaning,"Was macht ihr im Sommer? – Ich weiß noch nicht, wir haben noch keine Pläne."
Planung,die,add English meaning,Die Planung ist heute wichtig.
Plastik,das,add English meaning,Was für ein Spielzeug möchten Sie? Aus Plastik oder aus Holz?
Platz,der,add English meaning,In unserer Wohnung haben wir nicht genug Platz.
plötzlich,,add English meaning,Es war zuerst so schön. Plötzlich hat es angefangen zu regnen.
Politik,die,add English meaning,Ich interessiere mich nicht für Politik.
Politiker,der,add English meaning,"Weißt du, wie dieser Politiker heißt?"
politisch,,add English meaning,Ich diskutiere mit meinem Mann oft über politische Probleme.
Polizei,die,add English meaning,Rufen Sie bitte die Polizei.
Polizist,der,add English meaning,Der Polizist ist ein nützliches Wort.
Polizistin,die,add English meaning,den Verkehr geregelt.
Pommes frites,die,add English meaning,Die Kinder essen gern Würstchen mit Pommes frites.
populär,,add English meaning,Diese Musik ist bei Jugendlichen populär.
Portemonnaie,das,add English meaning,Das Portemonnaie kommt in der Prüfung vor.
Portion,die,add English meaning,"Bitte, eine große Portion Sahne!"
positiv,,add English meaning,Wir haben eine positive Nachricht für Sie. Sie bekommen die Stelle.
Post,die,add English meaning,Die Post macht erst um 8 Uhr auf.
Postleitzahl,die,add English meaning,Weißt du die Postleitzahl der Kollwitzstraße in Berlin?
Pöstler,der,add English meaning,War die Pöstlerin schon da?
Poulet,das,add English meaning,D: Zum Mittagessen gibt es Poulet mit Reis.
Praktikum,das,add English meaning,Ich mache diesen Sommer drei Monate ein Praktikum bei einer Firma.
Praktikant,der,add English meaning,Der Praktikant ist heute wichtig.
Praktikantin,die,add English meaning,als Praktikantin gearbeitet.
praktisch,,add English meaning,Ich finde diese Küchenmaschine sehr praktisch.
präsentieren,,add English meaning,Präsentieren Sie Ihre Ergebnisse bitte im Kurs.
Präsentation,die,add English meaning,Die Schülerin hat für ihre Präsentation eine gute Note bekommen.
Praxis,die,add English meaning,Das ist die Theorie. In der Praxis ist vieles ganz anders.
Preis,der,add English meaning,Die Preise sind schon wieder gestiegen.
preiswert,,add English meaning,'preiswert' kommt in vielen Texten vor.
Presse,die,add English meaning,Darüber konnte sich jeder in der Presse informieren.
prima,,add English meaning,Mit diesen Leuten verstehe ich mich prima.
privat,,add English meaning,Hier meine Nummer im Büro und meine private Nummer.
pro,,add English meaning,Eintritt pro Person: zwei Euro.
Problem,das,add English meaning,José spricht nicht gern über seine Probleme.
produzieren,,add English meaning,Unsere Firma produziert Feuerzeuge.
Produkt,das,add English meaning,Unsere Produkte haben eine hohe Qualität.
Produktion,die,add English meaning,Die Produktion von Käse dauert oft viele Wochen.
Professor,der,add English meaning,Der Professor steht auf meiner Liste.
Professorin,die,add English meaning,Die Professorin kommt in der Prüfung vor.
Profi,der,add English meaning,Der Profi ist ein nützliches Wort.
Profisportler,der,add English meaning,Mein Sohn möchte Profisportler werden.
Programm,das,add English meaning,Hast du schon ins Programm geguckt? Gibt es heute im Fernsehen einen schönen Film?
Projekt,das,add English meaning,Der Staat fördert Projekte für Kinder und Jugendliche.
Prospekt,der,add English meaning,Bitte schicken Sie mir einen Prospekt von Ihrem Hotel. Wir trinken auf Ihre Gesundheit! Prost!
Qualifikation,die,add English meaning,Für diese Arbeit haben Sie gute Qualifikationen.
Qualität,die,add English meaning,"Für mich ist nicht nur der Preis wichtig, sondern auch die Qualität."
protestieren,,add English meaning,Wir protestieren gegen den Bau der Autobahn.
Protest,der,add English meaning,Alle Proteste haben nichts genützt.
Prozess,der,add English meaning,Der Prozess wird direkt aus dem Gerichtssaal im Fernsehen übertragen.
prüfen,,add English meaning,'prüfen' kommt in vielen Texten vor.
geprüft,,add English meaning,Ich wiederhole heute 'geprüft'.
Prüfung,die,add English meaning,Mein Freund hat die Prüfung bestanden.
Publikum,das,add English meaning,Es war ein tolles Konzert. Das Publikum war begeistert.
Pullover,der,add English meaning,Das Konzert beginnt um Punkt 20 Uhr.
pünktlich,,add English meaning,Seien Sie bitte pünktlich.
Puppe,die,add English meaning,Unsere kleine Tochter bekommt zum Geburtstag eine Puppe.
putzen,,add English meaning,Ich muss heute noch die Wohnung putzen.
Quartier,das,add English meaning,"D,Wir wohnen in einem schönen Quartier."
quer,,add English meaning,Ich muss zu meiner Arbeit quer durch die ganze Stadt fahren.
Quittung,die,add English meaning,Brauchen Sie eine Quittung?
Quiz,das,add English meaning,Er hat beim Quiz gewonnen.
Rabatt,der,add English meaning,Sie bekommen zehn Prozent Rabatt.
Rad,das,add English meaning,Hast du noch ein Rad? Ich bin durch Glas gefahren und jetzt ist mein Rad kaputt.
Radfahrer,der,add English meaning,Achtung! Da kommt eine Radfahrerin.
Radio,das,add English meaning,Ich möchte mir ein neues Radio kaufen.
Rand,der,add English meaning,Wir wohnen am Rand der Innenstadt. Dort ist es billiger und ruhiger.
Rasen,der,add English meaning,Bitte den Rasen nicht betreten! Dein Bart ist aber lang! Du solltest dich mal wieder rasieren.
raten,,add English meaning,Ich möchte billig Urlaub machen. Was raten Sie mir?
Rat Ratschlag,der,add English meaning,Der Rat Ratschlag kommt in der Prüfung vor.
Rätsel,das,add English meaning,Das Rätsel ist ein nützliches Wort.
rauchen,,add English meaning,Hier ist das Rauchen verboten!
Raucher,der,add English meaning,Gibt es hier ein Zimmer für Raucher?
Raum,der,add English meaning,Getränke gibt es im Raum nebenan.
rauf/raufraus/rausreagieren,,add English meaning,"Hier ist die Treppe, also los, schnell rauf!"
Reaktion,die,add English meaning,Diese Reaktion ist typisch für ihn.
realisieren,,add English meaning,Diese Pläne sind nicht zu realisieren.
Realität,die,add English meaning,Das gefällt dir nicht? Aber das ist die Realität.
realistisch,,add English meaning,"Ich glaube nicht, dass du für das Auto noch so viel Geld bekommst. Das ist nicht realistisch."
Recherche,die,add English meaning,Für diesen Bericht waren viele Recherchen nötig.
rechnen,,add English meaning,Meine Tochter kann gut rechnen.
Rechner,der,add English meaning,"Bitte, die Rechnung!"
Recht,das,add English meaning,Nach deutschem Recht kann er dafür nicht bestraft werden.
rechtlich,,add English meaning,Wir beraten Sie in rechtlichen Fragen.
recht,,add English meaning,"Ist es Ihnen recht, wenn ich morgen vorbeikomme?"
rechts,,add English meaning,An der nächsten Kreuzung müssen Sie rechts abbiegen.
rechtzeitig,,add English meaning,Bitte weck mich rechtzeitig. Ich muss pünktlich sein.
reden,,add English meaning,Worüber habt ihr gestern geredet?
Rede,die,add English meaning,", -n Der Präsident hat eine Rede gehalten."
reduzieren,,add English meaning,Wir haben jetzt unsere Preise reduziert.
Referat,das,add English meaning,Vielen Dank für dieses interessante Referat.
Reform,die,add English meaning,Die Regierung plant für nächstes Jahr eine Reform. Die Steuern sollen steigen.
Regal,das,add English meaning,Das Buch steht im Regal oben rechts.
Regel,die,add English meaning,Im Straßenverkehr sind viele Regeln zu beachten.
regelmäßig,,add English meaning,Ich wiederhole heute 'regelmäßig'.
regeln,,add English meaning,Die Ampel ist kaputt. Ein Polizist regelt den Verkehr.
regnen,,add English meaning,Es hat gestern den ganzen Tag geregnet.
Regen,der,add English meaning,Der Regen ist heute wichtig.
Region,die,add English meaning,In der Rhein-Main-Region sind die Mieten sehr hoch.
regional,,add English meaning,'regional' kommt in vielen Texten vor.
reich,,add English meaning,"Wenn ich reich wäre, würde ich eine Weltreise machen."
reichen,,add English meaning,Ich nehme nur eine Suppe. Das reicht mir.
reif,,add English meaning,Die Banane kannst du nicht essen. Sie ist noch nicht reif.
Reifen,der,add English meaning,Ich habe Karten für das Konzert. Wir sitzen in der dritten Reihe.
Reihenfolge,die,add English meaning,Achten Sie auf die Reihenfolge der Inhaltspunkte.
rein,,add English meaning,Der Pullover ist aus reiner Wolle.
reinigen,,add English meaning,Ich möchte diesen Anzug reinigen lassen.
Reinigung,die,add English meaning,Die Reinigung des Büros ist nicht teuer.
Reis,der,add English meaning,"Eine Portion Huhn mit Reis, bitte."
reisen,,add English meaning,Ich reise gern nach Spanien.
Reise,die,add English meaning,Wir haben eine Reise nach Österreich gebucht.
Reisebüro,das,add English meaning,Wir haben die Reise im Reisebüro gebucht.
reiten,,add English meaning,Möchtest du gerne reiten lernen?
Reklame,die,add English meaning,Ich möchte keine Reklame im Briefkasten.
Rekord,der,add English meaning,Es gibt einen neuen Rekord im Schwimmen.
relativ,,add English meaning,"Die Wohnung ist relativ groß, aber sehr teuer."
Religion,die,add English meaning,Religion ist für manche Menschen sehr wichtig.
rennen,,add English meaning,"Ich bin sehr schnell gerannt, aber der Bus war schon weg."
in Rente gehen/sein D,,add English meaning,Das Verb 'in Rente gehen' ist wichtig.
Rentner,der,add English meaning,Der Rentner kommt in der Prüfung vor.
reparieren,,add English meaning,Das Fahrrad kann man leider nicht mehr reparieren.
Reparatur,die,add English meaning,-en Eine Reparatur wäre zu teuer. Hast du die Reportage über Afrika gesehen?
Reportage,die,add English meaning,Die Reportage ist heute wichtig.
Reporter,der,add English meaning,Der Reporter steht auf meiner Liste.
reservieren,,add English meaning,Ich wiederhole heute 'reservieren'.
Reservierung,die,add English meaning,Ich habe großen Respekt vor meinem Lehrer.
Respekt,der,add English meaning,Der Respekt passt gut zu diesem Thema.
Rest,der,add English meaning,Hier sind 100 Euro. Den Rest gebe ich dir später.
Restaurant,das,add English meaning,Wir essen heute im Restaurant.
retten,,add English meaning,Der Arzt konnte das Kind noch retten.
Rezept,das,add English meaning,Diese Schmerztabletten gibt es nur auf Rezept.
Rezeption/Reception,die,add English meaning,Geben Sie bitte den Schlüssel an der Rezeption ab.
Richter,der,add English meaning,Der Richter hat noch kein Urteil gesprochen.
richtig,,add English meaning,"Was Sie da sagen, ist richtig."
Richtung,die,add English meaning,Der Zug in Richtung Köln hat Verspätung.
riechen,,add English meaning,Dieses Parfüm riecht sehr gut.
riesig,,add English meaning,Die Stadt ist riesig.
Rind,das,add English meaning,Ich esse nur Fleisch vom Rind.
Ring,der,add English meaning,Ich habe meinen Ring verloren.
Risiko,das,add English meaning,Ich nehme keinen Kredit auf. Das Risiko ist mir zu hoch.
Rock,der,add English meaning,Diese Bluse passt nicht zu meinem Rock.
roh,,add English meaning,Du kannst das nicht essen. Das Fleisch ist noch roh.
Rohr,das,add English meaning,Ich habe gerade eine Pizza gemacht. Sie ist ganz frisch aus dem Rohr.
Rolle,die,add English meaning,Die Schauspielerin hat ihre Rolle sehr gut gespielt.
Roman,der,add English meaning,Ich lese gern Romane.
Rose,die,add English meaning,Rote Rosen sind ein schönes Geschenk.
Rucksack,der,add English meaning,Ich brauche nicht viel. Ich nehme nur meinen Rucksack mit.
rückdie Rückfahrt,,add English meaning,Auf der Rückfahrt besuche ich meine Eltern.
Rückkehr,die,add English meaning,Nach meiner Rückkehr haben wir ein großes Fest gefeiert.
rückwärts,,add English meaning,Ich bin rückwärts aus der Garage gefahren.
Rücken,der,add English meaning,Mir tut der Rücken weh. Nehmen Sie bitte Rücksicht auf die anderen Gäste.
rufen,,add English meaning,"Ich habe die Kinder gerufen, aber sie haben mich nicht gehört."
Rufnummer,die,add English meaning,Wir möchten Sie gerne anrufen. Wie ist Ihre Rufnummer?
Ruhe,die,add English meaning,Die Ruhe steht auf meiner Liste.
ruhig,,add English meaning,Ich suche ein ruhiges Zimmer.
rund,,add English meaning,Wir haben für unser Wohnzimmer einen runden Tisch gekauft.
Runde,die,add English meaning,Ich laufe jeden Tag fünf Runden im Park.
Rundfahrt,die,add English meaning,Am zweiten Tag haben wir eine Rundfahrt durch den Hafen gemacht.
Saal,der,add English meaning,Für unsere Familienfeier haben wir einen kleinen Saal gemietet.
Sache,die,add English meaning,Wir haben unsere Sachen im Hotel gelassen.
Sack,der,add English meaning,Ich hätte gern einen Sack Kartoffeln.
Saft,der,add English meaning,Ich trinke gern Apfelsaft.
sagen,,add English meaning,Entschuldigung! Was haben Sie gesagt?
Saison,die,add English meaning,Urlaub in den Schulferien ist immer teurer. Das ist die Saison mit den höchsten Preisen.
Salat,der,add English meaning,Möchten Sie zum Fisch einen Salat?
Salbe,die,add English meaning,Diese Salbe gibt es nur auf Rezept.
Salon,der,add English meaning,Sie arbeitet als Friseurin in einem Salon.
Salz,das,add English meaning,Gib mir bitte mal das Salz!
salzig,,add English meaning,Das Wort 'salzig' ist nützlich.
sammeln,,add English meaning,Mein Bruder sammelt Briefmarken.
sämtliche,,add English meaning,Sämtliche Fenster müssen geschlossen bleiben.
Sand,der,add English meaning,Der Sand passt gut zu diesem Thema.
Sänger,der,add English meaning,Wie findest du diesen Sänger? − Ich finde seine Stimme toll.
satt,,add English meaning,"Möchten Sie noch etwas? – Nein danke, ich bin satt."
Satz,der,add English meaning,Den letzten Satz verstehe ich nicht.
sauber,,add English meaning,Bringen Sie mir bitte ein sauberes Glas!
sauer,,add English meaning,Die Äpfel sind mir zu sauer.
Schachtel,die,add English meaning,Ich hätte gern eine Schachtel Zigaretten.
schade,,add English meaning,Ich kann leider nicht mitkommen. – Das ist aber schade!
schaden,,add English meaning,Ein kleines Glas Wein kann nicht schaden.
Schaden,der,add English meaning,Ich hatte einen Unfall mit dem Auto. Jetzt muss ich den Schaden der Versicherung melden. Rauchen ist schädlich für die Gesundheit.
schaffen,,add English meaning,"Kannst du mir helfen, die Party vorzubereiten? Ich schaffe das nicht allein."
schalten,,add English meaning,"Schalten Sie bitte das Licht aus, wenn Sie gehen."
Schalter,der,add English meaning,Der Lichtschalter ist rechts neben der Tür.
Schatten,der,add English meaning,"Wie alt ist der Chef? – Ich weiß nicht, ich schätze, um die Fünfzig."
schauen,,add English meaning,Schau mal! Da vorne ist noch ein Platz frei.
zuschauen,,add English meaning,"Willst du mitspielen? – Nein, ich schaue lieber nur zu."
Schaufenster,das,add English meaning,Ich habe im Schaufenster eine schicke Bluse gesehen. Der Film war toll. Die Schauspieler waren sehr gut.
Scheibe,die,add English meaning,"Fünf Scheiben Käse, bitte."
sich scheiden lassen,,add English meaning,Ich übe das reflexive Verb 'scheiden lassen'.
sich scheiden,,add English meaning,Ich übe das reflexive Verb 'scheiden'.
scheiden,,add English meaning,Dieses Verb heißt 'scheiden'.
Scheidung,die,add English meaning,n Wann war die Scheidung?
Schein,der,add English meaning,Kannst du einen Schein in Kleingeld wechseln?
scheinen,,add English meaning,Gestern hat es geregnet. Heute scheint wieder die Sonne.
schenken,,add English meaning,Wir wollen dir zum Geburtstag etwas schenken.
Schere,die,add English meaning,Die Schere hier schneidet schlecht. Hast du noch eine andere?
schicken,,add English meaning,Ich habe meinen Freunden eine Einladung zur Hochzeit geschickt.
schieben,,add English meaning,Leider ist mein Fahrrad kaputtgegangen. Ich musste es nach Hause schieben.
schief,,add English meaning,Der Spiegel hängt ganz schief.
schießen,,add English meaning,Unsere Mannschaft hat ein Tor geschossen.
Schiff,das,add English meaning,Sind Sie mit dem Schiff oder mit dem Flugzeug gekommen?
Schild,das,add English meaning,"Kannst du lesen, was dort auf dem Schild steht?"
schimpfen,,add English meaning,"Der Arzt hat mit mir geschimpft, weil ich zu wenig Sport mache."
Schinken,der,add English meaning,"Bitte, ein Brötchen mit Schinken. Es regnet. Hast du einen Schirm dabei?"
schlafen,,add English meaning,Haben Sie gut geschlafen?
Schlaf,der,add English meaning,Das Kind macht jeden Tag nach dem Mittagessen einen kurzen Schlaf.
schlagen,,add English meaning,Wer hat den Weltmeister geschlagen?
der/dasObers,,add English meaning,Ich hätte gern ein Stück Torte mit CH: Schlagobers.
Schlange,die,add English meaning,Auf der Post gibt es immer eine lange (Warte-)Schlange.
schlank,,add English meaning,In diesem Kleid siehst du sehr schlank aus.
schlecht,,add English meaning,Das Wetter ist schlecht.
schließen,,add English meaning,"Bitte, schließen Sie die Tür."
schließlich,,add English meaning,Ich musste lange warten. Aber schließlich habe ich den Job doch noch bekommen.
schlimm,,add English meaning,Die Wunde sieht schlimm aus.
Schloss,das,add English meaning,An unserer Wohnungstür ist das Schloss kaputt.
Schluss,der,add English meaning,Ich muss jetzt Schluss machen. Es klingelt an der Tür.
Schlüssel,der,add English meaning,Ich kann meine Schlüssel nicht finden. Hier kannst du nicht parken. Die Straße ist zu schmal.
schmecken,,add English meaning,Hat es Ihnen geschmeckt?
Schmerz,der,add English meaning,Haben Sie Schmerzen?
Schmerzmittel,das,add English meaning,", Sie haben Zahnschmerzen? Ich verschreibe Ihnen ein Schmerzmittel."
Schmuck,der,add English meaning,Dieser Schmuck ist von meiner Großmutter.
Schmutz,der,add English meaning,Du hast Schmutz an deinen Schuhen.
schmutzig,,add English meaning,Das Wort 'schmutzig' ist nützlich.
verschmutzen,,add English meaning,Ich wiederhole heute 'verschmutzen'.
Schnee,der,add English meaning,Im Februar gibt es oft viel Schnee.
schneien,,add English meaning,Heute Nacht hat es geschneit.
schneite,,add English meaning,Das Messer schneidet nicht.
schnell,,add English meaning,Warum fährst du so schnell?
Schnitzel,das,add English meaning,Bitte ein Schnitzel mit Kartoffeln und Salat. Ich habe Schnupfen. Welches Medikament empfehlen Sie?
Schokolade,die,add English meaning,Ich habe eine Tafel Schokolade gegessen.
schon,,add English meaning,Ist das Essen schon fertig?
schön,,add English meaning,Ich finde eure Wohnung sehr schön.
Schrank,der,add English meaning,Die Handtücher liegen im Schrank.
Schreck,der,add English meaning,Ich habe einen großen Schreck bekommen.
schrecklich,,add English meaning,Heute ist eine schreckliche Hitze.
schreiben,,add English meaning,Ich habe dir einen Brief geschrieben.
aufschreiben,,add English meaning,Ich habe mir deine Telefonnummer aufgeschrieben.
Schreiben,das,add English meaning,Das Schreiben steht auf meiner Liste.
Schrift,die,add English meaning,Ich kann leider deine Schrift nicht lesen.
schriftlich,,add English meaning,'schriftlich' kommt in vielen Texten vor.
Schriftsteller,der,add English meaning,Der Schriftsteller passt gut zu diesem Thema.
Schritt,der,add English meaning,Der Schritt ist heute wichtig.
Schuh,der,add English meaning,Die neuen Schuhe sind mir zu eng.
Schuld,die,add English meaning,"Es ist nicht meine Schuld, dass das nicht geklappt hat. schuld Ich hatte einen Unfall. Aber ich war nicht schuld."
schuld,,add English meaning,Dieses Wort heißt 'schuld'.
Schulden,die,add English meaning,Die Schulden passt gut zu diesem Thema.
schuldig,,add English meaning,Ich übe das Wort 'schuldig'.
Schule,die,add English meaning,Meine Tochter geht schon in die Schule.
Schüler,der,add English meaning,Der Schüler kommt in der Prüfung vor.
Schulter,die,add English meaning,Ich habe Schmerzen in der rechten Schulter.
Schüssel,die,add English meaning,Gibst du mir bitte eine Schüssel für den Salat?
schütteln,,add English meaning,Die Flasche muss man vor dem Öffnen lt schütteln.
schützen,,add English meaning,Diese Impfung schützt vor Grippe.
Schutz,der,add English meaning,Das ist ein guter Schutz gegen Kälte.
schwach,,add English meaning,Ich bin noch nicht gesund. Ich fühle mich noch sehr schwach.
Schwammerl,das,add English meaning,Haben Sie frische Schwammerln?
schwanger,,add English meaning,Meine Frau ist im dritten Monat schwanger.
Schwangerschaft,die,add English meaning,Sie dürfen während der Schwangerschaft nicht rauchen.
schweigen,,add English meaning,"Sie sprach viel, aber ihr Mann schwieg den ganzen Abend lang."
schwer,,add English meaning,Der Koffer ist viel zu schwer.
Schwester,die,add English meaning,Ich habe eine ältere Schwester und einen jüngeren Bruder.
Schwierigkeit,die,add English meaning,Ich hatte große Schwierigkeiten einen Parkplatz zu bekommen.
schwimmen,,add English meaning,Ich gehe regelmäßig schwimmen.
Schwimmbad,das,add English meaning,Kommst du mit ins Schwimmbad?
schwitzen,,add English meaning,Es war sehr heiß. Wir haben alle sehr geschwitzt.
See,der,add English meaning,Unser Hotel war direkt am See.
See,die,add English meaning,Die See ist heute wichtig.
Nord-/Ostsee,die,add English meaning,Die Nord- steht auf meiner Liste.
sehen,,add English meaning,Ich sehe nicht gut. Ich brauche eine Brille.
Sehenswürdigkeit,die,add English meaning,Welche Sehenswürdigkeiten gibt es hier?
sehr,,add English meaning,Ich habe mich sehr über Ihren Besuch gefreut.
Seife,die,add English meaning,Hier gibt es keine Seife.
sein,,add English meaning,Ich bin Mechaniker.
seit,,add English meaning,Wir wohnen seit dem März in Dortmund.
seitdem,,add English meaning,Dieses Wort heißt 'seitdem'.
Seite,die,add English meaning,Das hier ist die Goethestraße. Ich wohne auf der linken Seite.
Sekretär,der,add English meaning,Der Sekretär ist heute wichtig.
Sekretärin,die,add English meaning,Die Sekretärin steht auf meiner Liste.
selbselbst,,add English meaning,Ich habe am selben Tag Geburtstag wie du. Den Kuchen habe ich selbst gebacken. selber Sie will das selber machen.
selber,,add English meaning,Dieses Wort heißt 'selber'.
selbstständig,,add English meaning,Jetzt bin ich angestellt. Früher war ich selbstständig.
selbstverständlich,,add English meaning,Ich übe das Wort 'selbstverständlich'.
selten,,add English meaning,Ich gehe ganz selten ins Kino.
seltsam,,add English meaning,"Es ist seltsam, dass mein Bruder noch nicht hier ist."
Semester,das,add English meaning,Mein Neffe studiert im Semester Medizin. Ich möchte dieses Seminar unbedingt besuchen.
Semmel,die,add English meaning,D: Ich hole schnell ein paar Semmeln zum Frühstück.
senden,,add English meaning,Bitte senden Sie uns die Unterlagen per E-Mail.
gesendet/gesandt,,add English meaning,Können Sie uns die Post bitte nachsenden?
Sender,der,add English meaning,Welchen Sender siehst du am liebsten?
Senioren,die,add English meaning,Dieser Computerkurs ist für Senioren.
senkrecht,,add English meaning,Ziehen Sie bitte eine senkrechte Linie.
Serie,die,add English meaning,"Meine Tochter liebt es, im Fernsehen Serien zu schauen."
Service,der,add English meaning,Rufst du beim Pizza-Service an?
Serviceangestellte,der,add English meaning,Der Serviceangestellte kommt in der Prüfung vor.
n Ober,,add English meaning,Dieses Wort heißt 'n Ober'.
Sessel,der,add English meaning,"A, Ich hätte gern einen bequemen Sessel."
sicher,,add English meaning,Dieses Auto ist besonders sicher.
Sicherheit,die,add English meaning,Sicherheit ist für mich sehr wichtig.
sichern,,add English meaning,Du musst immer alle Daten im Computer sichern.
sichtbar,,add English meaning,Es gibt keine sichtbaren Verletzungen. Aber wir müssen das Bein trotzdem untersuchen.
siegen,,add English meaning,Die Mannschaft siegte mit 2:0.
Sieg,der,add English meaning,Der Sieg ist heute wichtig.
Sieger,der,add English meaning,Der Sieger steht auf meiner Liste.
singen,,add English meaning,Ich wiederhole heute 'singen'.
gesungen,,add English meaning,"Ich kann heute nicht singen, ich bin erkältet."
sinken,,add English meaning,Das Schiff ist vor der Küste gesunken.
Sinn,der,add English meaning,Der Sinn ist heute wichtig.
sinnlos,,add English meaning,Das Wort 'sinnlos' ist nützlich.
sinnvoll,,add English meaning,Ich wiederhole heute 'sinnvoll'.
Situation,die,add English meaning,Ich bin in einer schwierigen Situation.
sitzen,,add English meaning,Dieses Verb heißt 'sitzen'.
gesessen,,add English meaning,hinten. Die Jacke sitzt sehr gut.
Sitz,der,add English meaning,Der Sitz steht auf meiner Liste.
Ski/Schi,der,add English meaning,Gehen wir am Wochenende Ski laufen?
sobald,,add English meaning,"Sobald ich den Termin weiß, gebe ich Ihnen Bescheid."
Socke,die,add English meaning,Im Winter brauche ich warme Socken.
sodass,,add English meaning,"Der Zug hatte zwei Stunden Verspätung, sodass ich erst um 23 Uhr nach Hause kam."
Sofa,das,add English meaning,Wir hätten gern ein modernes Sofa.
sofort,,add English meaning,Warum sind Sie nicht sofort zum Arzt gegangen?
sogenanntsogar,,add English meaning,"Studenten, die lange studieren, sind sogenannte Langzeitstudierende."
Sohn,der,add English meaning,Mein jüngster Sohn ist vier.
solange,,add English meaning,"Solange Sie Fieber haben, dürfen Sie auf keinen Fall arbeiten gehen."
solchsollen,,add English meaning,Wann soll ich kommen?
gesollt Sonderdas Sonderangebot,,add English meaning,"Ich habe im Radio gehört, es soll morgen regnen. Sollten Sie mit dem Vorschlag nicht einverstanden sein, rufen Sie mich an. Das ist ein Sonderangebot: 25 % reduziert."
sondern,,add English meaning,"Unser Besuch kommt nicht heute, sondern morgen."
Sonne,die,add English meaning,Das Wetter ist schön. Die Sonne scheint.
sonnig,,add English meaning,Das Wetter morgen: sonnig und warm.
sonst,,add English meaning,"Haben sie sonst noch einen Wunsch? – Nein, danke. Das ist alles."
sorgen,,add English meaning,Wer sorgt denn für die Kinder?
Sorge,die,add English meaning,Um Ihre Zukunft brauchen Sie sich keine Sorgen zu machen.
Soße/Sauce,die,add English meaning,Gibst du mir bitte mal die Soße?
Souvenir,das,add English meaning,Ich habe ein paar Souvenirs aus dem Urlaub mitgebracht.
soviel,,add English meaning,"Soviel ich weiß, hat dieses Restaurant heute Ruhetag."
so viel/so viel wie,,add English meaning,Ich habe so viel gegessen. Jetzt ist mir schlecht.
sowieso,,add English meaning,Willst du mir den Brief mitgeben? Ich gehe sowieso zur Post.
sowohl … als auch,,add English meaning,Sowohl Sie als auch Ihre Frau müssen unterschreiben.
sozial,,add English meaning,Das System ist nicht sozial.
Sozialarbeiter,der,add English meaning,Die Sozialarbeiterin kommt einmal in der Woche.
spannend,,add English meaning,Das Spiel war spannend bis zur letzten Minute.
sparen,,add English meaning,'sparen' kommt in vielen Texten vor.
gespart,,add English meaning,"sparen. Um Strom zu sparen, schalten wir die Heizung nachts aus."
sparsam,,add English meaning,Ich übe das Wort 'sparsam'.
Spaß,der,add English meaning,Meine Arbeit macht mir viel Spaß.
spät,,add English meaning,'spät' kommt in vielen Texten vor.
spätestens,,add English meaning,Dieses Wort heißt 'spätestens'.
spazieren gehen,,add English meaning,Wir gehen sonntags immer spazieren.
spazieren,,add English meaning,Ich übe das Verb 'spazieren'.
Spaziergang,der,add English meaning,Abends mache ich oft einen Spaziergang durch das Viertel.
speichern,,add English meaning,Ich wiederhole heute 'speichern'.
Speisekarte,die,add English meaning,"Bitte, die Speisekarte."
Speisewagen,der,add English meaning,Der Speisewagen passt gut zu diesem Thema.
Spezialistin,die,add English meaning,Die Spezialistin ist heute wichtig.
speziell,,add English meaning,Ich suche einen ganz speziellen Ring für meine Freundin.
Spiegel,der,add English meaning,"Wir haben einen großen Garten, da können die Kinder spielen."
Spiel,das,add English meaning,Monopoly ist ein ganz bekanntes Spiel.
Spieler,der,add English meaning,Für dieses Spiel braucht man zwei bis vier Spieler.
Spielplatz,der,add English meaning,Die Kinder sind auf dem Spielplatz.
Spielzeug,das,add English meaning,Zu Weihnachten wünschen sich die Kinder vor allem Spielzeug.
spitz,,add English meaning,Der Bleistift ist nicht spitz.
Sport,der,add English meaning,Für Sport interessiere ich mich sehr.
Sportart,die,add English meaning,Welche Sportart findest du am besten?
Sportler,der,add English meaning,Sie ist eine gute Sportlerin.
sportlich,,add English meaning,Ich bin nicht sehr sportlich.
Sprache,die,add English meaning,Franco spricht mehrere Sprachen.
Fremdsprache,die,add English meaning,Ich spreche drei Fremdsprachen.
Muttersprache,die,add English meaning,Was ist Ihre Muttersprache?
Zweitsprache,die,add English meaning,Deutsch ist seine Zweitsprache.
sprechen,,add English meaning,Können Sie bitte etwas lauter sprechen?
Sprechstunde,die,add English meaning,A: Frau Dr. Berger hat von 8 bis 12 Uhr ation Sprechstunde.
springen,,add English meaning,Wir waren im Schwimmbad. Mein Sohn ist immer wieder ins Wasser gesprungen.
Spritze,die,add English meaning,Ich habe heute vom Arzt eine Spritze gegen die Schmerzen bekommen.
spülen,,add English meaning,Hast du das Geschirr gespült?
Spur,die,add English meaning,"Fahren Sie bitte auf der linken Spur, wenn Sie schneller fahren."
spüren,,add English meaning,Wo tut es weh? Spüren Sie das hier?
Stadion,das,add English meaning,Ich möchte am Samstag ins Stadion gehen. Da spielt meine Mannschaft.
Stadt,die,add English meaning,Heidelberg ist eine alte Stadt.
städtisch,,add English meaning,Ich übe das Wort 'städtisch'.
Stadtplan,der,add English meaning,¨-e Haben Sie einen Stadtplan? Ich stamme aus einer kleinen Stadt an der Donau.
stammen,,add English meaning,Ich wiederhole heute 'stammen'.
ständig,,add English meaning,Ich habe schon ein paar Mal bei meiner Freundin angerufen. Es ist ständig besetzt.
Standpunkt,der,add English meaning,Von seinem Standpunkt aus hat er recht.
Star,der,add English meaning,Diese Sängerin ist ein großer Star in Deutschland.
stark,,add English meaning,Der Kaffee ist sehr stark.
starten,,add English meaning,Das Flugzeug ist pünktlich gestartet.
Start,der,add English meaning,Bleiben Sie bitte während des Starts sitzen.
Station,die,add English meaning,Sie müssen an der nächsten Station aussteigen.
Statistik,die,add English meaning,"Die Statistik zeigt, dass jeder zweite ein Fahrrad besitzt."
statistisch,,add English meaning,Die statistischen Ergebnisse zeigen eine gute Entwicklung.
statt,,add English meaning,Kann ich diese Woche statt Donnerstag am Freitag kommen?
stattfinden,,add English meaning,Das Spiel findet auch bei Regen statt.
Stau,der,add English meaning,Auf der A3 gibt es wegen eines Unfalls 5 km Stau.
Staub,der,add English meaning,Ich habe überall Staub gewischt.
staubsaugen,,add English meaning,Ich muss heute in meiner Wohnung noch staubsaugen.
stechen,,add English meaning,Stefan wird beim Zelten immer von den Mücken gestochen.
stecken,,add English meaning,Wo ist denn mein Pass? Ich hatte ihn doch in die Handtasche gesteckt.
Steckdose,die,add English meaning,Es gibt drei Steckdosen in diesem Zimmer.
Stecker,der,add English meaning,In meinem Beruf muss ich viel stehen.
stehen bleiben,,add English meaning,Bitte bleiben Sie stehen.
stehlen,,add English meaning,Gestern hat mir jemand im Zug meine Uhr gestohlen.
steigen,,add English meaning,Die Preise für Milch und Gemüse sind schon wieder gestiegen.
steil,,add English meaning,Die Straße zu unserem Haus ist sehr steil.
Stein,der,add English meaning,Die Kinder werfen Steine ins Wasser.
Stelle,die,add English meaning,Wir treffen uns hier an dieser Stelle.
stellen,,add English meaning,Stell das Bier in den Kühlschrank!
Stempel,der,add English meaning,Der Stempel ist ein nützliches Wort.
gestorben,,add English meaning,Vater ist gestern gestorben.
Stern,der,add English meaning,Heute sieht man viele Sterne am Himmel.
Steuer,die,add English meaning,Wir müssen immer mehr Steuern zahlen.
Steward,der,add English meaning,Die Stewardess bringt das Mittagessen.
Stewardess,die,add English meaning,Die Stewardess ist ein nützliches Wort.
Stift,der,add English meaning,Kannst du mir bitte einen Stift geben?
Stil,der,add English meaning,Ihr Stil ist sehr elegant.
stilistisch,,add English meaning,Das Wort 'stilistisch' ist nützlich.
still,,add English meaning,Sei doch mal einen Moment still!
Stiefel,der,add English meaning,Wo ist die Toilette? – Die Stiege hoch und dann links.
Stiege,die,add English meaning,Die Stiege passt gut zu diesem Thema.
Stiegenhaus,das,add English meaning,Das Stiegenhaus ist heute wichtig.
Stimme,die,add English meaning,Ich habe dich sofort an der Stimme erkannt.
stimmen,,add English meaning,Meine Adresse stimmt nicht mehr.
Stimmung,die,add English meaning,Es war eine tolle Party. Die Stimmung war sehr gut.
stinken,,add English meaning,Was stinkt denn hier so? – Das ist der Fisch. Er ist nicht mehr frisch.
Stock,der,add English meaning,Der Stock ist heute wichtig.
Stockwerk,das,add English meaning,Das Gebäude hat zwanzig Stockwerke.
Stoff,der,add English meaning,Was für ein Stoff ist das? – Wolle.
stolz,,add English meaning,Ich bin stolz auf dich. Das hast du sehr gut gemacht.
stoppen,,add English meaning,"Die Polizei hat mich gestoppt, weil ich bei Rot über die Ampel gefahren bin."
stören,,add English meaning,Darf ich Sie einen Augenblick stören?
Störung,die,add English meaning,Entschuldigen Sie bitte die Störung. Wie haben Sie sich denn verletzt? – Ich habe mich an der Autotür gestoßen.
Strafe,die,add English meaning,Schwarzfahren kostet 60 Euro Strafe.
strafbar,,add English meaning,"Was du da machst, ist strafbar."
Strafzettel,der,add English meaning,So ein Pech! Ich habe einmal falsch geparkt und sofort einen Strafzettel bekommen. Im Urlaub bin ich am liebsten am Strand.
Straße,die,add English meaning,Wir wohnen in einer sehr kleinen Straße.
Strecke,die,add English meaning,Die Strecke steht auf meiner Liste.
Streichholz,das,add English meaning,Ich hätte gern eine Schachtel Streichhölzer.
streiken,,add English meaning,Die Arbeiter streiken für höhere Löhne.
Streik,der,add English meaning,Der Streik passt gut zu diesem Thema.
Streit,der,add English meaning,Der Streit ist heute wichtig.
streng,,add English meaning,Unsere Tochter hat einen sehr strengen Lehrer.
Stress,der,add English meaning,Ich habe bei der Arbeit viel Stress.
Strom,der,add English meaning,Wie kann ich im Haushalt Strom sparen?
Strumpf,der,add English meaning,Wo sind meine roten Strümpfe?
Stück/-stück,das,add English meaning,Ich nehme zwei Stück Zucker in den Kaffee.
Studie,die,add English meaning,Wir führen eine Studie über Arbeitslosigkeit durch.
studieren,,add English meaning,Mein Sohn will Medizin studieren.
Student,der,add English meaning,en Schüler und Studenten zahlen die n Hälfte.
Studentin,die,add English meaning,Die Studentin passt gut zu diesem Thema.
Studierende,der,add English meaning,Der Studierende ist heute wichtig.
Studierende,die,add English meaning,n Seminar. Sie brauchen für diese Stelle ein abgeschlossenes Studium.
Studium,das,add English meaning,Das Studium kommt in der Prüfung vor.
Studio,das,add English meaning,Zu Gast im Studio sind heute...
Stufe,die,add English meaning,Die Stufe passt gut zu diesem Thema.
Stuhl,der,add English meaning,Da hinten ist noch ein Stuhl frei.
stumm,,add English meaning,Stell bitte dein Handy leise oder auf stumm.
Stunde,die,add English meaning,Ich bin in einer Stunde wieder zurück.
Sturm,der,add English meaning,Im Radio haben sie Regen und Sturm angesagt.
stürzen,,add English meaning,Ich bin auf der Straße gestürzt und habe mir den Fuß gebrochen.
suchen,,add English meaning,Ich suche meine Brille.
Sucht,die,add English meaning,Die Sucht nach Medikamenten nimmt zu.
süchtig,,add English meaning,Ich bin süchtig nach Schokolade.
Suchtmittel,das,add English meaning,Manche Medikamente sind auch Suchtmittel. Die Summe scheint mir zu hoch!
super,,add English meaning,Das war ein super Film!
Supermarkt,der,add English meaning,Donnerstags gehe ich immer in den Supermarkt.
Suppe,die,add English meaning,Schmeckt dir die Suppe?
süß,,add English meaning,Ich esse gern süße Sachen.
Symbol,das,add English meaning,Das Herz ist ein Symbol für die Liebe.
sympathisch,,add English meaning,Ich finde unsere neue Kollegin sehr sympathisch.
System,das,add English meaning,Welches Betriebssystem hast du?
Szene,die,add English meaning,In dieser Szene des Films stirbt der Held.
Tabelle,die,add English meaning,Tragen Sie die richtige Information in die Tabelle ein.
Tablette,die,add English meaning,Nehmen Sie dreimal täglich eine Tablette.
Tafel,die,add English meaning,Der Lehrer schreibt das neue Wort an die Tafel.
Tagesablauf,der,add English meaning,Wie ist Ihr Tagesablauf?
Tal,das,add English meaning,Unser Dorf liegt in einem Tal.
Talent,das,add English meaning,Sie hat großes Talent für Musik.
tanken,,add English meaning,Wir müssen unbedingt tanken. Wir haben fast kein Benzin mehr.
Tankstelle,die,add English meaning,Die Tankstelle passt gut zu diesem Thema.
Tante,die,add English meaning,"Die Familie meiner Mutter ist sehr groß, daher habe ich viele Tanten."
tanzen,,add English meaning,Auf der Hochzeit haben wir viel getanzt.
Tanz,der,add English meaning,Der Tanz kommt in der Prüfung vor.
Tasche,die,add English meaning,"Ich habe nicht viel Gepäck, nur eine Tasche."
Taschengeld,das,add English meaning,Wie viel Taschengeld bekommst du im Monat?
Taschentuch,das,add English meaning,Hast du ein Taschentuch für mich?
Tasse,die,add English meaning,Die Tassen sind von meiner Großmutter.
Tastatur,die,add English meaning,Die Tastatur an meinem Computer ist ganz neu.
Taste,die,add English meaning,An der Fernbedienung ist eine Taste kaputt.
Tat,die,add English meaning,Dieser Mensch hat mit vielen guten Taten geholfen.
Täter,der,add English meaning,Der Täter ist heute wichtig.
Tätigkeit,die,add English meaning,Die Tätigkeit steht auf meiner Liste.
Tatsache,die,add English meaning,Das widerspricht den Tatsachen.
tatsächlich,,add English meaning,"Die Hose ist tatsächlich zu klein, obwohl sie so groß aussieht."
taub,,add English meaning,"Sie hört schlecht, sie ist schon fast taub."
tauchen,,add English meaning,Ich möchte im Urlaub wieder tauchen gehen.
tauschen,,add English meaning,Ich würde meinen Kuchen gegen dein Brot tauschen.
Technik,die,add English meaning,Ich verstehe nicht viel von Technik.
technisch,,add English meaning,Es gab ein technisches Problem.
Technologie,die,add English meaning,Große Fortschritte gab es in der Technologie.
Tee Tee ziehen lassen,der,add English meaning,Bitte einen Tee mit Zitrone.
teilen,,add English meaning,Mein Mann und ich teilen uns die Arbeit.
Teil,das,add English meaning,Dieses Teil müssen wir erst bestellen.
Teil,der,add English meaning,Der Teil ist ein nützliches Wort.
Teilzeit,die,add English meaning,Ich arbeite im Moment nur Teilzeit.
teilnehmen,,add English meaning,Leider konnte ich an dem Kurs nicht regelmäßig teilnehmen.
Teilnahme,die,add English meaning,Die Teilnahme am Gewinnspiel ist kostenlos.
Teilnehmer,der,add English meaning,Die Teilnehmerinnen aus unserem Kurs kommen aus verschiedenen Ländern.
telefonieren,,add English meaning,Ich muss kurz telefonieren.
Telefon,das,add English meaning,Das Telefon passt gut zu diesem Thema.
Teller,der,add English meaning,Stell bitte schon mal die Teller auf den Tisch!
Tempo,das,add English meaning,Hier darfst du nur Tempo 30 fahren.
Tennis,das,add English meaning,Ich spiele gern Tennis.
Teppich,der,add English meaning,Ich habe mir einen neuen Teppich gekauft.
Termin,der,add English meaning,Als Termin schlage ich den Mai vor.
Terminkalender,der,add English meaning,Hast du unser Treffen schon in deinen Terminkalender eingetragen? Setzen wir uns auf die Terrasse!
testen,,add English meaning,Testen Sie unsere Angebote kostenlos.
Test,der,add English meaning,Der Test kommt in der Prüfung vor.
teuer,,add English meaning,Ich finde das Geschäft nicht teuer.
Text,der,add English meaning,Lesen Sie den Text.
Theater,das,add English meaning,Wir gehen nächste Woche ins Theater. Wir haben im Kurs viel über das Thema Umwelt gesprochen.
theoretisch,,add English meaning,Ich habe die theoretische Prüfung bestanden. Nach der praktischen habe ich den Führerschein.
Theorie,die,add English meaning,Die Theorie kommt in der Prüfung vor.
Therapie,die,add English meaning,Die Therapie hat geholfen. Es geht mir schon viel besser.
Ticket,das,add English meaning,Wir müssen die Tickets für unseren Flug ausdrucken.
tief,,add English meaning,"Vorsicht, Kinder! Das Wasser ist hier sehr tief."
Tier,das,add English meaning,Er mag Tiere sehr und geht darum oft in den Zoo.
Haustier,das,add English meaning,"Hat deine Familie ein Haustier? − Ja, wir haben einen Hund."
Tierpark,der,add English meaning,Wollen wir am Samstag mit den Kindern in den Tierpark gehen?
Tipp,der,add English meaning,Kannst du mir einen Tipp geben? Wo finde ich billige Möbel?
tippen,,add English meaning,Wie schnell kannst du tippen?
getippt,,add English meaning,Ich kann 'getippt' in einem Satz benutzen.
Tisch,der,add English meaning,Das Essen steht schon auf dem Tisch.
Titel,der,add English meaning,Wie heißt der Film? – Ich weiß den Titel nicht mehr.
tödlich,,add English meaning,Dieses Gift kann für den Menschen tödlich sein.
Toilette,die,add English meaning,"Wo ist die Toilette, bitte?"
tolerant,,add English meaning,Die Nachbarn hören oft laut Musik. Wir müssen sehr tolerant sein.
toll,,add English meaning,Ich habe mir ein tolles Kleid gekauft.
radeiser,,add English meaning,Dieses Wort heißt 'radeiser'.
Topf,der,add English meaning,Dieses Jahr haben wir keine Töpfe mit Blumen auf dem Balkon.
Tor,das,add English meaning,Hinter dem Tor geht es zur Fabrik.
Torte,die,add English meaning,Zum Geburtstag backe ich dir eine Torte.
tot,,add English meaning,Meine Großeltern sind schon lange tot.
Tote,der,add English meaning,Bei dem Unfall gab es zwei Tote.
Tote,die,add English meaning,Die Tote passt gut zu diesem Thema.
total,,add English meaning,Der Film war total langweilig.
Tourismus,der,add English meaning,In dieser Gegend gibt es viel Tourismus.
Tourist,der,add English meaning,Der Tourist kommt in der Prüfung vor.
Touristin,die,add English meaning,Die Touristin ist ein nützliches Wort.
Tradition,die,add English meaning,Eine große Hochzeit mit vielen Leuten ist bei uns Tradition.
traditionell,,add English meaning,Ich übe das Wort 'traditionell'.
tragen,,add English meaning,Lass mich den Koffer tragen. Der ist zu schwer für dich.
trainieren,,add English meaning,Wir trainieren einmal pro Woche im Sportverein.
Trainer,der,add English meaning,Der Trainer ist ein nützliches Wort.
Training,das,add English meaning,Jeden Dienstag ist Training.
Träne,die,add English meaning,Sie trocknet dem Kind die Tränen.
transportieren,,add English meaning,Wie willst du die Möbel denn transportieren?
Transport,der,add English meaning,Ich habe schlecht geträumt.
träumen,,add English meaning,'träumen' kommt in vielen Texten vor.
Traum,der,add English meaning,-e Mein Traum ist ein eigenes Geschäft. aumMein Traumberuf ist Feuerwehrmann.
treffen,,add English meaning,Wir treffen uns immer freitags.
Treffpunkt,der,add English meaning,e Unser Treffpunkt ist um 17 Uhr am Hauptbahnhof. Welchen Sport treibst du?
treiben,,add English meaning,Ich wiederhole heute 'treiben'.
getrieben trennen,,add English meaning,Wir leben getrennt.
Trennung,die,add English meaning,Die Trennung von der Familie war schwierig.
getrennt leben,,add English meaning,Das Wort 'getrennt leben' ist im Alltag nützlich.
Treppe,die,add English meaning,Wo ist die Toilette? – Die Treppe hoch und dann links.
Treppenhaus,das,add English meaning,Das Treppenhaus kommt in der Prüfung vor.
treten,,add English meaning,Ich bin in ein Stück Glas getreten.
treu,,add English meaning,Herr Maier ist ein treuer Kunde von uns.
trinken,,add English meaning,Trinken Sie einen Tee mit uns?
Trinkgeld,das,add English meaning,Ich habe dem Kellner zwei Euro Trinkgeld gegeben.
trocken,,add English meaning,Die Wäsche ist noch nicht trocken.
trocknen,,add English meaning,Ich habe mir die Haare getrocknet.
Tropfen,die,add English meaning,Hast du die Tropfen schon genommen?
trotz,,add English meaning,Trotz Grippe bin ich zur Arbeit gegangen.
trotzdem,,add English meaning,Es war ziemlich kalt. Trotzdem bin ich schwimmen gegangen.
Tuch,das,add English meaning,Wo hast du dieses schöne Tuch gekauft?
tun,,add English meaning,Ich habe heute viel zu tun.
Tür,die,add English meaning,Machen Sie bitte die Tür zu! Es zieht.
Turm,der,add English meaning,"Kommen Sie auf den Turm, von hier sieht man die ganze Stadt."
Tüte,die,add English meaning,Brauchen Sie eine Tüte für den Salat?
Typ,der,add English meaning,Mein Nachbar ist ein netter Typ.
typisch,,add English meaning,'typisch' kommt in vielen Texten vor.
üben,,add English meaning,Ich lerne gerade Gitarre spielen. Ich übe jeden Tag zwei Stunden.
Übung,die,add English meaning,Die Übung ist heute wichtig.
über,,add English meaning,Die Müllers wohnen direkt über uns.
überall,,add English meaning,"Ich habe überall gesucht, aber meine Brille ist weg."
überfahren,,add English meaning,Gestern hat ein Autofahrer einen Hund n überfahren.
überhaupt,,add English meaning,Die Suppe schmeckt mir überhaupt nicht.
überholen,,add English meaning,Hier dürfen Lkws nicht überholen.
überlegen,,add English meaning,Ich kann mich nicht entscheiden. Ich muss mir das noch überlegen.
übermorgen,,add English meaning,Morgen kann ich nicht. Wir sehen uns übermorgen.
übernachten,,add English meaning,Wir haben auf dem Campingplatz übernachtet.
Übernachtung,die,add English meaning,In diesem Hotel kostet die Übernachtung mit Frühstück 90 Euro.
übernehmen,,add English meaning,Ich habe das Geschäft von meinem Vater übernommen.
überprüfen,,add English meaning,"Bitte überprüfen Sie, ob Ihr Name richtig geschrieben ist."
überqueren,,add English meaning,Bitte die Straße nur an der Ampel überqueren.
überraschen,,add English meaning,"Ich bin ganz überrascht, dass die Wohnung so billig ist."
Überraschung,die,add English meaning,Ich habe eine Überraschung für dich.
überreden,,add English meaning,"Zuerst wollte ich nicht, aber mein Bruder hat mich überredet, einen Englischkurs zu machen."
Überschrift,die,add English meaning,Die Überschrift steht auf meiner Liste.
übersetzen,,add English meaning,Können Sie mir bitte diesen Brief übersetzen?
Übersetzer,der,add English meaning,Meine Tochter möchte als Übersetzerin arbeiten.
Übersetzung,die,add English meaning,Die Übersetzung des Buches ist sehr gut.
Überstunde,die,add English meaning,Ich muss heute Überstunden machen.
überübertreiben,,add English meaning,Ein bisschen Sport ist gesund. Aber man sollte es nicht übertreiben.
überweisen,,add English meaning,Ich überweise dir das Geld.
Überweisung,die,add English meaning,Sie können bar oder per Überweisung bezahlen.
überzeugt,,add English meaning,"Ich bin fest davon überzeugt, dass meine Entscheidung richtig ist."
Überzeugung,die,add English meaning,Wie bist du zu dieser Überzeugung gekommen?
üblich,,add English meaning,"In Deutschland ist es üblich, früh zu Abend zu essen."
übrig,,add English meaning,Ist noch etwas zu essen übrig?
übrigens,,add English meaning,"Übrigens, kennst du schon die neuen Nachbarn?"
Ufer,das,add English meaning,Er schwimmt ans Ufer zurück.
um,,add English meaning,Wir treffen uns um 8 Uhr.
umarmen,,add English meaning,Lass dich zum Abschied umarmen.
um … zu umdrehen,,add English meaning,Ich wiederhole heute 'um … zu umdrehen'.
Umfrage,die,add English meaning,Wir machen eine Umfrage zum Thema Umweltschutz.
Umgebung,die,add English meaning,In der Umgebung von Berlin kann man schöne Ausflüge machen.
umgehen,,add English meaning,Er kann sehr gut mit Kindern umgehen.
umgekehrt,,add English meaning,"Nein, umgekehrt: erst der Vorname, dann der Nachname."
Umleitung,die,add English meaning,Es gibt wegen des Unfalls eine Umleitung.
umso,,add English meaning,"Je früher wir dort sind, umso besser sind unsere Chancen auf einen guten Sitzplatz."
umsonst,,add English meaning,Ich wiederhole heute 'umsonst'.
umsteigen,,add English meaning,In Ulm müssen Sie umsteigen.
umtauschen,,add English meaning,Ich möchte diese Bluse umtauschen. Sie passt mir nicht.
Umtausch,der,add English meaning,Ein Umtausch ist leider nicht möglich.
Umwelt,die,add English meaning,Alte Autos sind ein Problem für die Umwelt.
Umweltschutz,der,add English meaning,Das Land muss mehr Geld für Umweltschutz ausgeben.
Umweltverschmutzung,die,add English meaning,Die Umweltverschmutzung nimmt weiter zu.
umziehen,,add English meaning,Das Verb 'umziehen' ist wichtig.
Umzug,der,add English meaning,Der Umzug ist nächste Woche.
sich umziehen,,add English meaning,Ich übe das reflexive Verb 'umziehen'.
umgezogen,,add English meaning,Ich wiederhole heute 'umgezogen'.
ununbedingt,,add English meaning,Der Verkäufer war sehr unfreundlich.
und,,add English meaning,Ich habe heute und morgen frei.
Unfall,der,add English meaning,Ich hatte letzte Woche einen Unfall.
ungefähr,,add English meaning,"Wie weit ist es bis zum Bahnhof? – Nicht weit, ungefähr zehn Minuten zu Fuß."
ungewöhnlich,,add English meaning,"Ich finde diese Speise ungewöhnlich, aber sie schmeckt gut."
unglaublich,,add English meaning,Es ist unglaublich. Schon wieder so ein Unglück.
Unglück,das,add English meaning,Bei dem Unglück gab es viele Verletzte.
unheimlich,,add English meaning,Ich mag dieses Haus nicht. Es sieht unheimlich aus.
Uniform,die,add English meaning,"In der Schule, die sie besucht, trägt man Uniformen."
Universität,die,add English meaning,Mein Sohn studiert an der Universität.
unten,,add English meaning,"Wir wohnen im Stock, meine Eltern unten im Stock."
unter,,add English meaning,Unter uns wohnt eine Familie mit drei Kindern.
unterunterbrechen,,add English meaning,Wir unterbrechen die Sendung für eine wichtige Nachricht.
Unterhaltung,die,add English meaning,Wir wünschen Ihnen gute Unterhaltung.
Unterkunft,die,add English meaning,Ich komme drei Tage nach Hamburg und suche eine günstige Unterkunft.
Unterlagen,die,add English meaning,Ich schicke Ihnen alle Unterlagen mit der Post zu.
unterlassen,,add English meaning,Das Rauchen auf den Gängen ist zu unterlassen.
unternehmen,,add English meaning,Wollen wir heute Abend noch etwas unternehmen?
Unternehmer,der,add English meaning,Sie ist erfolgreiche Unternehmerin.
unterrichten,,add English meaning,Meine Frau unterrichtet Spanisch.
Unterricht,der,add English meaning,Der Unterricht dauert von 17 bis 19 Uhr.
untersagt,,add English meaning,"Es ist untersagt, hier zu rauchen."
unterscheiden,,add English meaning,Ihr seid euch sehr ähnlich. Auf dem Foto kann man euch beide nicht unterscheiden.
Unterschied,der,add English meaning,"Können Sie mir sagen, was der Unterschied ist? Welche Fahrkarte ist günstiger?"
unterschiedlich,,add English meaning,"Mein Bruder und ich sind sehr unterschiedlich. Er interessiert sich für Mathematik, ich mich für Sprachen."
unterschreiben,,add English meaning,Unterschreiben Sie bitte hier unten rechts.
Unterschrift,die,add English meaning,Auf dem Schreiben fehlt die Unterschrift.
unterstreichen,,add English meaning,Wir sollen alle wichtigen Wörter unterstreichen.
unterstützen,,add English meaning,"Sie unterstützen mich, wo sie nur können."
Unterstützung,die,add English meaning,Ich nehme Ihre Unterstützung gern an.
untersuchen,,add English meaning,Sie sollten sich vom Arzt untersuchen lassen.
Untersuchung,die,add English meaning,Ich habe morgen eine Untersuchung im Krankenhaus.
unterwegs,,add English meaning,Warte auf mich. Ich bin unterwegs und komme gleich.
Urkunde,die,add English meaning,"Wenn wir das Spiel gewinnen, bekommen wir eine Urkunde."
Urlaub,der,add English meaning,CH:Ich habe noch drei Tage Urlaub.
Ursache,die,add English meaning,Kennt man schon die Unfallursache?
verursachen,,add English meaning,Dieser Busfahrer verursachte den Unfall.
ursprünglich,,add English meaning,Ursprünglich wollte ich in einem Restaurant arbeiten. Aber dann bin ich Busfahrerin geworden.
Urteil,das,add English meaning,Dein Urteil ist für mich sehr wichtig.
Vase,die,add English meaning,Hast du eine Vase für die Blumen?
Vater,der,add English meaning,Mein Vater arbeitet in einem Restaurant.
verabredet,,add English meaning,"Tut mir leid, ich habe keine Zeit. Ich bin mit meiner Freundin verabredet."
Verabredung,die,add English meaning,Ich wurde von meinen Freunden sehr nett verabschiedet.
Abschied,der,add English meaning,Das geht so nicht. Wir müssen die Organisation verändern.
Veranstaltung,die,add English meaning,Am Samstag ist unser Lokal geschlos sen. Wir haben eine Veranstaltung.
verantwortlich,,add English meaning,Sie sind für Ihre Kinder verantwortlich.
Verantwortung verbessern,die,add English meaning,Ich habe mein Deutsch verbessert.
verbieten,,add English meaning,Ich werde meinen Kindern das Rauchen verbieten.
Verbot,das,add English meaning,Ich bin für das Verbot dieses neuen Videospiels.
verboten,,add English meaning,In den meisten Restaurants ist Rauchen verboten.
verbinden,,add English meaning,Ich übe das Verb 'verbinden'.
Verbindung,die,add English meaning,Die Verbindung ist sehr gut. Ich kann direkt mit diesem Zug fahren und muss nicht umsteigen.
verbrauchen,,add English meaning,Wie viel Benzin verbraucht dein Auto?
Verbrecher,der,add English meaning,Ich werde alle Briefe verbrennen.
verbringen,,add English meaning,Wie haben Sie Ihren Urlaub verbracht?
Verdacht,der,add English meaning,"Wer hat das Geld aus der Kasse genommen? – Ich weiß es nicht, aber ich habe einen Verdacht."
verdächtig,,add English meaning,Die Tür war nicht abgeschlossen. Das ist verdächtig.
verdienen,,add English meaning,In diesem Beruf verdient man gut.
Verein,der,add English meaning,Ich bin schon seit 15 Jahren Mitglied in diesem Verein.
vereinbaren,,add English meaning,Können wir einen Termin vereinbaren?
Vergangenheit,die,add English meaning,In der Vergangenheit war das anders.
vergeblich,,add English meaning,Ich habe vergeblich versucht dich anzurufen.
vergessen,,add English meaning,Ich habe den Termin ganz vergessen.
vergleichen,,add English meaning,Vergleichen Sie die Angebote.
Vergleich,der,add English meaning,Ein Vergleich ist schwer möglich.
sich vergnügen,,add English meaning,Auf der Party habe ich mich sehr vergnügt.
Vergnügen,das,add English meaning,"Es ist ein Vergnügen, den Kindern beim Spielen zuzusehen."
vergrößern,,add English meaning,Können Sie das Foto vergrößern?
verhaften,,add English meaning,Die Polizei hat 23 Menschen verhaftet.
sich verhalten,,add English meaning,Der Mann hat sich uns gegenüber merkwürdig verhalten.
Verhalten,das,add English meaning,Das Verhalten ist heute wichtig.
Verhältnis,das,add English meaning,Ich habe ein gutes Verhältnis zu meinen Eltern.
verheiratet,,add English meaning,Mit wem sind Sie verheiratet?
verhindern,,add English meaning,Wir konnten den Unfall nicht verhindern.
verkaufen,,add English meaning,Ich habe unser altes Auto verkauft.
Verkäufer,der,add English meaning,Die Verkäuferin wird Ihnen gleich helfen.
Verkehr,der,add English meaning,Morgens ist hier immer viel Verkehr.
Verkehrsmittel,das,add English meaning,Es gibt kaum Parkplätze. Sie sollten mit öffentlichen Verkehrsmitteln fahren. Von welchem Verlag ist dieses Buch?
verlangen,,add English meaning,Jeden Tag Überstunden? Das können Sie nicht verlangen.
verlängern,,add English meaning,Ich muss meinen Pass verlängern lassen.
verlassen,,add English meaning,Ich habe die Party um 3 Uhr verlassen.
sich verlaufen,,add English meaning,Ich habe mich an der Hand verletzt.
Verletzung,die,add English meaning,Keine Angst. Die Verletzung ist nicht so schlimm.
sich verlieben,,add English meaning,Ich habe mich verliebt.
verliebt,,add English meaning,Ich bin in Francesco verliebt.
verlieren,,add English meaning,Ich habe meine Brieftasche verloren.
Verlierer,der,add English meaning,Sie ist eine gute Verliererin.
Verlust,der,add English meaning,Der Verlust meiner Uhr ärgert mich sehr.
vermeiden,,add English meaning,"Der Arzt sagt, ich soll Stress vermeiden."
vermieten,,add English meaning,Bei uns im Haus ist ein Zimmer zu vermieten.
Vermieter,der,add English meaning,"Unsere Vermieterin ist eine sehr nette, ältere Frau."
Vermietung,die,add English meaning,Mit der Vermietung von Wohnungen kann man viel Geld verdienen.
vermissen,,add English meaning,Ich vermisse meine Familie.
Vermittlung,die,add English meaning,Du suchst ein Zimmer? Dann frag bei der Vermittlung am Bahnhof nach.
vermuten,,add English meaning,"Ich vermute, sie wird heute nicht kommen."
vermutlich,,add English meaning,Vermutlich sagt er die Wahrheit.
vernünftig,,add English meaning,Seien Sie doch vernünftig!
verpacken,,add English meaning,Hast Du die Pakete gut verpackt?
verpassen,,add English meaning,Ich habe den Zug verpasst.
verpflegen,,add English meaning,Wir werden hier sehr gut mit Essen verpflegt.
verpflichtet,,add English meaning,"Sie sind verpflichtet, den Unfall zu melden."
verraten,,add English meaning,Wer hat dir das Geheimnis verraten?
verreisen,,add English meaning,Frau Dr. Müller ist zurzeit verreist.
verrückt,,add English meaning,Bist du verrückt geworden?!
Versammlung,die,add English meaning,Der Minister hielt bei der Versammlung eine Rede.
versäumen,,add English meaning,"Tut mir leid, ich habe die Anmeldefrist versäumt."
verschieben,,add English meaning,Leider muss ich den Termin verschieben.
verschieden,,add English meaning,Unsere beiden Kinder sind sehr verschieden.
verschreiben,,add English meaning,Die Ärztin hat mir Tabletten verschrieben.
verschwinden,,add English meaning,Mein Ausweis ist verschwunden. Hast du ihn vielleicht gesehen?
versichern,,add English meaning,Wollen Sie Ihr Gepäck versichern?
Versichertenkarte,die,add English meaning,Sie sollten eine Versicherung für Ihr Gepäck abschließen.
Versicherung,die,add English meaning,Die Versicherung kommt in der Prüfung vor.
Verspätung,die,add English meaning,Unser Zug hatte 10 Minuten Verspätung.
versprechen,,add English meaning,"Meine Mutter hat mir versprochen, mich abzuholen."
verständlich,,add English meaning,Ich übe das Wort 'verständlich'.
Verständnis verstecken,das,add English meaning,Ich habe das Geld hinter dem Regal versteckt.
versuchen,,add English meaning,Haben Sie es schon mal mit diesem Mittel versucht?
Versuch,der,add English meaning,In der Forschung werden viele Versuche gemacht.
verteilen,,add English meaning,Kannst du bitte schon mal die Gläser verteilen?
Vertrag,der,add English meaning,Sie beide müssen den Vertrag unterschreiben.
vertrauen,,add English meaning,Ich kenne dich gut. Ich vertraue dir.
Vertrauen,das,add English meaning,Ich habe Vertrauen zu Ihnen.
vertreten,,add English meaning,"Wer vertritt Sie, wenn Sie Urlaub machen?"
Vertreter,der,add English meaning,"Als Herr Dr. Müller in Urlaub war, bin ich zu seiner Vertreterin gegangen."
Vertretung,die,add English meaning,Herr Dr. Meyer macht für mich die Vertretung.
verurteilen,,add English meaning,Das Gericht hat den Täter zu einer Geldstrafe verurteilt.
Verwaltung,die,add English meaning,Sprechen Sie bitte mit der Verwaltung. Die können Ihnen helfen.
verwandt,,add English meaning,Sind Sie mit Frau Meyer verwandt?
Verwandte,der,add English meaning,Der Verwandte passt gut zu diesem Thema.
Verwandte,die,add English meaning,Die Verwandte ist heute wichtig.
verwechseln,,add English meaning,"Entschuldigen Sie, ich habe Sie mit jemandem verwechselt."
verwenden,,add English meaning,Dieses Wort wird oft verwendet.
verzeihen,,add English meaning,Das werde ich ihm nie verzeihen können. ung Verzeihung! Ich habe die falsche Nummer gewählt.
verzichten,,add English meaning,Ich verzichte heute auf den Kaffee.
Video,das,add English meaning,Ich habe den Film auf Video aufgenommen.
viel/viele,,add English meaning,Ich habe schon viel gelernt.
vielleicht,,add English meaning,Kommst du mit in die Stadt? Ich weiß noch nicht. Vielleicht.
Viertel,das,add English meaning,CH: Wir wohnen in einem schönen Viertel.
virtuell,,add English meaning,Auf dieser Website kann man an einer virtuellen Stadtrundfahrt teilnehmen.
Virus,der,add English meaning,Ich habe mal wieder einen Virus auf meinem Computer.
Visitenkarte,die,add English meaning,Darf ich Ihnen meine Visitenkarte geben?
Visum,das,add English meaning,Das Visum ist für drei Monate gültig.
Vitamin,das,add English meaning,"Der Arzt sagt, ich soll viele Vitamine essen."
voll,,add English meaning,Die Flasche ist noch ganz voll.
Vollzeit Volleyball,die,add English meaning,Die Vollzeit Volleyball ist heute wichtig.
völlig,,add English meaning,Das halte ich für völlig ausgeschlossen.
von,,add English meaning,Ich komme gerade vom Zahnarzt.
voneinander,,add English meaning,Wir haben lange nichts voneinander gehört.
vor,,add English meaning,Ich bin vor einer Woche zurückgekommen.
vor allem,,add English meaning,"Grüßen Sie alle von mir, vor allem Frau Meier."
voraus,,add English meaning,Gehen Sie schon voraus.
Voraussetzung,die,add English meaning,Gesunde Ernährung ist die Voraussetzung für ein langes Leben.
voraussichtlich,,add English meaning,Der Zug hat voraussichtlich 20 Minuten Verspätung.
vorbei/vorbei vorbereiten,,add English meaning,Die Linie 8 fährt am Krankenhaus vorbei.
Vorbereitung,die,add English meaning,Nächste Woche beginnen wir mit der Vorbereitung für die Prüfung.
vorderdie Vorfahrt,,add English meaning,In den vorderen Reihen sind noch Plätze frei. Achtung! Das Auto rechts hat Vorfahrt!
vorgestern,,add English meaning,Er hat mich vorgestern angerufen.
vorhaben,,add English meaning,Haben Sie morgen Abend schon etwas vor?
vorher,,add English meaning,Ich komme mit ins Café. Vorher muss ich aber noch zur Bank.
vorhin,,add English meaning,Vorhin hat Heidrun angerufen. Du sollst sie zurückrufen.
vorkommen,,add English meaning,Kein Problem. Das kann vorkommen.
vorläufig,,add English meaning,Ich habe noch keine Wohnung. Ich wohne vorläufig bei einem Freund.
vorlesen,,add English meaning,Ich lese meinen Kindern oft etwas vor.
vorn,,add English meaning,Bitte vorn beim Fahrer einsteigen!
vorschlagen,,add English meaning,"Ich schlage vor, dass wir eine Pause machen."
Vorschlag,der,add English meaning,"Ich mache dir einen Vorschlag: Du hilfst mir beim Deutschlernen, und ich lade dich zum Essen ein."
Vorschrift,die,add English meaning,Beachten Sie bitte die Vorschriften für das Benutzen der Bibliothek.
Vorsicht,die,add English meaning,Vorsicht! Der Teller ist heiß.
vorsichtig vorstellen,,add English meaning,So schwierig habe ich mir die Arbeit nicht vorgestellt.
Vorstellung,die,add English meaning,Wann läuft der Film? – Die nächste Vorstellung ist um 15 Uhr.
Vorstellungsgespräch,das,add English meaning,"Wann hast du dein Vorstellungse gespräch? Der Vorteil von dieser Wohnung ist, dass sie direkt im Zentrum liegt."
Vorteil,der,add English meaning,Der Vorteil kommt in der Prüfung vor.
Vortrag,der,add English meaning,Ihr Vortrag war sehr interessant.
Vorwahl,die,add English meaning,Wie ist die Vorwahl von Hamburg?
vorwärts,,add English meaning,Ich kann nicht vorbei. Bitte fahr noch ein Stück vorwärts.
Vorwurf,der,add English meaning,Der Vorwurf steht auf meiner Liste.
waagerecht,,add English meaning,Ziehen Sie bitte einen waagerechten Strich.
wach,,add English meaning,Bist du schon lange wach?
wachsen,,add English meaning,Mein Sohn ist sehr gewachsen. Er ist jetzt schon größer als ich.
Wagen,der,add English meaning,Ich habe meinen Wagen in die Werkstatt gebracht.
Wahl,die,add English meaning,Sie haben die Wahl: mit Vollpension oder Halbpension?
wahnsinnig,,add English meaning,Du fährst viel zu schnell. Bist du wahnsinnig?!
wahr,,add English meaning,"Was ich sage, ist wahr."
Wahrheit,die,add English meaning,Sag mir bitte die Wahrheit. Hast du wieder geraucht?
während,,add English meaning,"Während ich arbeite, höre ich oft Musik."
wahrscheinlich,,add English meaning,Wahrscheinlich mache ich im Herbst noch einen Deutschkurs.
Wald,der,add English meaning,Hinter unserem Haus fängt der Wald an.
Wand,die,add English meaning,Ich stelle das Regal rechts an die Wand.
wandern,,add English meaning,Wir gehen oft wandern.
Wanderung,die,add English meaning,Wir haben in den Ferien eine schöne Wanderung gemacht.
wann,,add English meaning,Ich kann 'wann' in einem Satz benutzen.
Ware,die,add English meaning,Wir liefern Ihnen die Ware direkt ins Haus.
warm,,add English meaning,Hier ist es sehr warm.
Wärme,die,add English meaning,Die Wärme passt gut zu diesem Thema.
warnen,,add English meaning,Ich warne Sie. Der Hund ist gefährlich.
warten,,add English meaning,Können Sie ein paar Minuten warten?
warum,,add English meaning,Warum besuchst du mich nicht?
was,,add English meaning,Dieses Wort heißt 'was'.
was für ein waschen,,add English meaning,Ich habe die Bluse gerade frisch gewaschen.
Wäsche,die,add English meaning,Die Wäsche ist heute wichtig.
Waschmittel,das,add English meaning,Das Waschmittel steht auf meiner Liste.
wechseln,,add English meaning,Können Sie 50 Euro in Kleingeld/in elt Dollar wechseln?
wecken,,add English meaning,Können Sie mich morgen früh um sechs wecken?
Wecker,der,add English meaning,Der Wecker passt gut zu diesem Thema.
weder … noch,,add English meaning,Für Urlaub haben wir weder Zeit noch Geld.
Weg,der,add English meaning,Dieser Weg ist sehr breit und angenehm.
weg/wegwegen,,add English meaning,Meine Handtasche ist weg!
wehtun,,add English meaning,Dieses Wort heißt 'wehtun'.
weiblich,,add English meaning,Kreuzen Sie bitte an: „weiblich“ oder „männlich“.
weich,,add English meaning,Ich möchte zum Frühstück ein weiches Ei.
sich weigern,,add English meaning,Ich weigere mich diese Arbeit zu tun.
weil,,add English meaning,"Ich kann nicht kommen, weil ich krank bin."
Wein,der,add English meaning,In diesem Restaurant gibt es sehr guten Wein.
weinen,,add English meaning,War der Test schwierig? – Teilweise.
weit,,add English meaning,Wie weit ist es noch bis München?
weiter/weiterdie Weiterbildung,,add English meaning,Ich möchte nicht stören. Bitte essen Sie ruhig weiter.
welcher,,add English meaning,Welcher Tag ist heute?
Welt,die,add English meaning,Überall auf der Welt gibt es Probleme.
weltweit,,add English meaning,Ich wiederhole heute 'weltweit'.
wenden,,add English meaning,"Sie müssen zurückfahren, aber hier dürfen Sie nicht wenden."
wenig/wenige,,add English meaning,Essen Sie immer so wenig?
wenigstens,,add English meaning,"Ich habe keinen Hunger. – Ach, essen Sie wenigstens ein Stück Kuchen."
wenn,,add English meaning,"Kommst du zu der Party? Vielleicht, wenn ich nicht arbeiten muss."
wer,,add English meaning,Wer ist das? Kennst du die Frau?
Werbung,die,add English meaning,Ich sehe gern Werbung im Fernsehen.
werden,,add English meaning,Das Verb 'werden' ist wichtig.
werfen,,add English meaning,Die Kinder haben Steine ins Wasser geworfen.
Werk,das,add English meaning,Wir haben gestern das Werk besichtigt.
Werkstatt,die,add English meaning,¨-en Mein Wagen ist zurzeit in der Werkstatt. -e Wir hatten kein Werkzeug für die Reparatur dabei. Das Auto ist vielleicht noch 1000 Euro wert.
Werkzeug,das,add English meaning,Das Werkzeug ist heute wichtig.
wert,,add English meaning,Ich kann 'wert' in einem Satz benutzen.
Wert,der,add English meaning,Das Haus hat einen Wert von ca. 1 Mio. Euro.
wertlos,,add English meaning,'wertlos' kommt in vielen Texten vor.
wertvoll,,add English meaning,Dieses Wort heißt 'wertvoll'.
weshalb,,add English meaning,Weshalb rufst du an?
Wettbewerb,der,add English meaning,Meine Tochter hat bei einem Wettbewerb gewonnen. Sie hat das beste Bild gemalt.
wetten,,add English meaning,"Wir haben gewettet, dass sie wieder zu spät kommt."
Wetter,das,add English meaning,Ich habe Radio gehört. Das Wetter soll schön werden.
Wetterbericht,der,add English meaning,Hast du schon den Wetterbericht gehört?
Wettervorhersage,die,add English meaning,Die Wettervorhersage für morgen: trocken und sonnig.
wichtig,,add English meaning,Die Prüfung ist sehr wichtig für mich.
widersprechen,,add English meaning,Da muss ich Ihnen widersprechen.
wie,,add English meaning,Dieses Wort heißt 'wie'.
wieder/wiederwiederholen,,add English meaning,Wann kommst du wieder?
Wiederholung,die,add English meaning,Eine Wiederholung der Prüfung ist möglich.
wiegen,,add English meaning,Wie viel wiegst du?
wild,,add English meaning,Das ist ein wilder Fluss.
Wiese,die,add English meaning,Vor unserem Haus ist eine Wiese mit Bäumen.
wieso,,add English meaning,Wie lange sind Sie hier? – Wieso fragen Sie?
wie viel,,add English meaning,Wie viel Geld hast du dabei?
willkommen,,add English meaning,Herzlich willkommen in Köln.
Wind,der,add English meaning,Der Wind kommt heute von Westen. windig Es ist heute sehr windig.
windig,,add English meaning,'windig' kommt in vielen Texten vor.
winken,,add English meaning,Alle standen auf dem Bahnsteig und winkten zum Abschied.
wirken,,add English meaning,Die Tabletten haben nicht gewirkt.
Wirkung,die,add English meaning,Die Wirkung steht auf meiner Liste.
wirklich,,add English meaning,Du glaubst mir nicht? Es ist aber wirklich so.
Wirklichkeit,die,add English meaning,Die Wirklichkeit ist ein nützliches Wort.
Wirt,der,add English meaning,Ich kenne die Wirtin von diesem Lokal.
Wirtin,die,add English meaning,Sie ist sehr nett.
Wirtschaft,die,add English meaning,In der Schule lernen die Kinder viel über Wirtschaft und Politik.
wissen,,add English meaning,"Weißt du, wie der Hausmeister heißt?"
Wissen,das,add English meaning,Das Wissen ist ein nützliches Wort.
Wissenschaft,die,add English meaning,Vertreter von Kunst und Wissenschaft treffen sich heute in Berlin.
Wissenschaftler,der,add English meaning,Der Wissenschaftler ist heute wichtig.
Witz,der,add English meaning,Wir haben Witze erzählt und viel gelacht.
wo,,add English meaning,Wo waren Sie im Urlaub?
woher,,add English meaning,Dieses Wort heißt 'woher'.
wohin,,add English meaning,Wohin kommt der Schrank?
wohl,,add English meaning,Kann ich nach Hause gehen? Ich fühle mich nicht wohl.
wohnen,,add English meaning,Wir wohnen in einem alten Haus.
Wohnsitz,der,add English meaning,Er hat einen festen Wohnsitz in dieser Stadt.
Wohnung,die,add English meaning,"Wir suchen eine möblierte Wohnung, möglichst im Zentrum."
Wohnzimmer,das,add English meaning,Wir sitzen im Wohnzimmer und sehen fern. Es sind viele Wolken am Himmel.
bewölkt,,add English meaning,Heute ist es stark bewölkt.
Wolle,die,add English meaning,Dieser Pullover ist aus reiner Wolle.
wollen,,add English meaning,Peter will Arzt werden.
worüber,,add English meaning,Worüber lachen Sie?
worum,,add English meaning,Kann ich Herrn Meier sprechen? – Worum geht es denn?
Wort,das,add English meaning,Ich kenne diese beiden Wörter nicht.
Wörterbuch,das,add English meaning,Ich muss das Wort im Wörterbuch nachschlagen.
Wunde,die,add English meaning,Die Wunde müssen wir sofort verbinden.
Wunder,das,add English meaning,"Ich bin mit dem Fahrrad gestürzt. Es war ein Wunder, dass nichts Schlimmes passiert ist."
wunderschön,,add English meaning,Wir haben einen Ausflug gemacht. Es war wunderschön.
sich wundern,,add English meaning,"Es hat mich gewundert, dass das Essen hier so günstig ist."
Wunsch,der,add English meaning,. Haben Sie sonst noch einen Wunsch? Mit den besten Wünschen für Sie und Ihre Familie.
Zahl,die,add English meaning,Können Sie die Zahl bitte wiederholen?
Wurst,die,add English meaning,Diese Wurst ist mir zu fett.
Anzahl,die,add English meaning,Die Anzahl der Teilnehmer war groß.
wütend,,add English meaning,Warum bist du so wütend?
zahlreich,,add English meaning,Ich kann 'zahlreich' in einem Satz benutzen.
zahlen,,add English meaning,"Herr Ober, zahlen bitte!"
Zahlung,die,add English meaning,Bitte geben Sie bei der Zahlung die Rechnungsnummer an.
zählen,,add English meaning,Bitte zählen Sie das Wechselgeld sofort nach.
Zahn,der,add English meaning,Der Zahn tut mir schon lange weh.
Zahncreme/-pasta,die,add English meaning,Die neue Zahncreme riecht sehr gut.
Zange,die,add English meaning,"Um das Fahrrad zu reparieren, brauchst du eine Zange."
Zeichen,das,add English meaning,Das Zeichen ist ein nützliches Wort.
Verkehrszeichen,das,add English meaning,Meine Kinder lernen in der Schule gerade die Verkehrszeichen. Meine Tochter kann sehr gut zeichnen.
Zeichnung,die,add English meaning,Das ist eine schöne Zeichnung.
zeigen,,add English meaning,Zeig mir bitte deine Hausaufgaben.
Zeile,die,add English meaning,Das Wort steht in der fünften Zeile von oben.
Zeit,die,add English meaning,Ich habe heute keine Zeit.
Zeitpunkt,der,add English meaning,Er ist krank. Das ist kein guter Zeitpunkt für einen Besuch.
Zeitschrift,die,add English meaning,Diese Zeitschrift kaufe ich jede Woche.
Zeitung,die,add English meaning,Ich lese manchmal Zeitung.
Zelt,das,add English meaning,Wir machen Camping-Urlaub und nehmen ein Zelt mit.
zelten,,add English meaning,Ich habe noch nie gezeltet.
zentral,,add English meaning,Wir suchen eine Zweizimmerwohnung in zentraler Lage.
Zentrum,das,add English meaning,Im Zentrum gibt es fast keine Parkplätze.
zerstören,,add English meaning,Der Sturm hat viele Häuser zerstört.
Zertifikat,das,add English meaning,"Wenn ich die Prüfung schaffe, bekomme ich ein Zertifikat."
Zettel,der,add English meaning,Hast du einen Zettel für mich? Ich muss etwas aufschreiben. Was hast du mit meinen Sachen gemacht? – Ich habe dein ganzes Zeug in dein Zimmer getan.
Zeuge,der,add English meaning,Der Zeuge passt gut zu diesem Thema.
Zeugin,die,add English meaning,Die Zeugin ist heute wichtig.
Zeugnis,das,add English meaning,"Wenn Sie die Prüfung schaffen, bekommen Sie ein Zeugnis."
ziehen,,add English meaning,"Sie müssen ziehen, nicht drücken."
Ziel,das,add English meaning,Ich will die Prüfung unbedingt schaffen. Das ist mein Ziel.
ziemlich,,add English meaning,Ich bin schon ziemlich müde. Ich gehe ins Bett.
Zigarette,die,add English meaning,Wie viele Zigaretten rauchst du am Tag?
Zimmer,das,add English meaning,Die Wohnung hat drei Zimmer.
Zirkus,der,add English meaning,Heute gehen wir mit den Kindern in den Zirkus.
Zitrone,die,add English meaning,Ich hätte gern einen Tee mit Zitrone.
Zoll,der,add English meaning,Das war die Passkontrolle. Wir müssen jetzt noch durch den Zoll.
Zone,die,add English meaning,Hier können wir nicht fahren. Das ist eine Fußgängerzone.
Zoo,der,add English meaning,Am Sonntag gehen wir mit den Kindern in den Zoo.
zu,,add English meaning,Ich bringe Sie zum Bahnhof.
zubereiten,,add English meaning,Sie bereitet das Fleisch mit Kartoffeln zu.
Zucker,der,add English meaning,Nehmen Sie Zucker in den Tee?
zuerst,,add English meaning,Wer war zuerst? – Der Herr hier.
Zufall,der,add English meaning,"So ein Zufall, dass ich dich hier treffe."
zufällig,,add English meaning,Wir haben uns zufällig am Bahnhof getroffen.
zufrieden,,add English meaning,Meine Kinder haben heute Zeugnisse bekommen. Ich bin zufrieden.
Zugang,der,add English meaning,Der Zugang zu diesem Haus ist schwierig.
zugänglich,,add English meaning,Der Park ist für alle zugänglich.
Zug,der,add English meaning,Unser Zug hatte 40 Minuten Verspätung.
zugehen,,add English meaning,Die Tür geht nicht zu. Kannst du mir helfen?
Zuhause,das,add English meaning,Ich fühle mich hier wohl. Das ist mein Zuhause.
zuhören,,add English meaning,Hör mir doch mal zu!
Zukunft,die,add English meaning,Du musst mehr für die Schule lernen. Denk an die Zukunft.
zukünftig,,add English meaning,"Ich bitte dich, zukünftig früher zu kommen."
zuletzt,,add English meaning,Die Kleider packen wir zuletzt ein.
zumachen,,add English meaning,Mach bitte die Tür zu!
zumindest,,add English meaning,"Ich möchte nicht in der Stadt wohnen, zumindest jetzt nicht, wenn die Kinder noch so klein sind."
zunächst,,add English meaning,Zunächst möchte ich alle begrüßen!
Zünder Streichholz; Zündholz,die,add English meaning,Die Zünder Streichholz; Zündholz steht auf meiner Liste.
zunehmen,,add English meaning,Ich habe im Urlaub 1 Kilo zugenommen.
zurechtkommen,,add English meaning,Soll ich Ihnen helfen? Danke. Ich komme allein zurecht.
zurück/zurückzurzeit,,add English meaning,Bitte eine Fahrkarte nach Frankfurt und zurück!
zusagen,,add English meaning,Meine Eltern haben uns zum Essen eingeladen. Ich habe zugesagt.
zusammen/zusammendie Zusammenarbeit,,add English meaning,Wir haben als Kinder oft zusammen gespielt.
zusammenfassen,,add English meaning,Können Sie das bitte noch einmal kurz zusammenfassen?
Zusammenhang,der,add English meaning,In diesem Zusammenhang möchte ich Sie auf zwei Bücher aufmerksam machen.
zusätzlich,,add English meaning,Sie müssen in Zukunft eine Stunde zusätzlich arbeiten.
Zuschauer,der,add English meaning,"Liebe Zuschauer, wir wünschen Ihnen gute Unterhaltung."
Zuschlag,der,add English meaning,Der Zuschlag steht auf meiner Liste.
